entity_id,entity_name,entity_type,state_ut,district,entity_status
SYN_AGENCY_001,Regional Infrastructure Implementation Agency 001,IMPLEMENTING_AGENCY,Tamil Nadu,Tamil Nadu,ACTIVE
SYN_AGENCY_002,Regional Infrastructure Implementation Agency 002,IMPLEMENTING_AGENCY,Maharashtra,Maharashtra,ACTIVE
SYN_AGENCY_003,Regional Infrastructure Implementation Agency 003,IMPLEMENTING_AGENCY,Uttar Pradesh,Uttar Pradesh,ACTIVE
SYN_AGENCY_004,Regional Infrastructure Implementation Agency 004,IMPLEMENTING_AGENCY,Maharashtra,Maharashtra,ACTIVE
SYN_AGENCY_005,Regional Infrastructure Implementation Agency 005,IMPLEMENTING_AGENCY,Tamil Nadu,Tamil Nadu,ACTIVE
SYN_AGENCY_006,Regional Infrastructure Implementation Agency 006,IMPLEMENTING_AGENCY,Uttar Pradesh,Uttar Pradesh,ACTIVE
SYN_AGENCY_007,Regional Infrastructure Implementation Agency 007,IMPLEMENTING_AGENCY,Tamil Nadu,Dindigul,ACTIVE
SYN_AGENCY_008,Regional Infrastructure Implementation Agency 008,IMPLEMENTING_AGENCY,Uttar Pradesh,Uttar Pradesh,ACTIVE
SYN_AGENCY_009,Regional Infrastructure Implementation Agency 009,IMPLEMENTING_AGENCY,Gujarat,Gujarat,ACTIVE
SYN_AGENCY_010,Regional Infrastructure Implementation Agency 010,IMPLEMENTING_AGENCY,West Bengal,Krishnanagar,ACTIVE
SYN_AGENCY_011,Regional Infrastructure Implementation Agency 011,IMPLEMENTING_AGENCY,Tamil Nadu,Tamil Nadu,ACTIVE
SYN_AGENCY_012,Regional Infrastructure Implementation Agency 012,IMPLEMENTING_AGENCY,Karnataka,Karnataka,ACTIVE
SYN_AGENCY_013,Regional Infrastructure Implementation Agency 013,IMPLEMENTING_AGENCY,Tamil Nadu,Tamil Nadu,ACTIVE
SYN_AGENCY_014,Regional Infrastructure Implementation Agency 014,IMPLEMENTING_AGENCY,Uttar Pradesh,Uttar Pradesh,ACTIVE
SYN_AGENCY_015,Regional Infrastructure Implementation Agency 015,IMPLEMENTING_AGENCY,Uttar Pradesh,Uttar Pradesh,ACTIVE
SYN_AGENCY_016,Regional Infrastructure Implementation Agency 016,IMPLEMENTING_AGENCY,Karnataka,Karnataka,ACTIVE
SYN_AGENCY_017,Regional Infrastructure Implementation Agency 017,IMPLEMENTING_AGENCY,Uttar Pradesh,Uttar Pradesh,ACTIVE
SYN_AGENCY_018,Regional Infrastructure Implementation Agency 018,IMPLEMENTING_AGENCY,Uttar Pradesh,Uttar Pradesh,ACTIVE
SYN_AGENCY_019,Regional Infrastructure Implementation Agency 019,IMPLEMENTING_AGENCY,Uttar Pradesh,Uttar Pradesh,ACTIVE
SYN_AGENCY_020,Regional Infrastructure Implementation Agency 020,IMPLEMENTING_AGENCY,Uttar Pradesh,Uttar Pradesh,ACTIVE
SYN_AGENCY_021,Regional Infrastructure Implementation Agency 021,IMPLEMENTING_AGENCY,Uttar Pradesh,Uttar Pradesh,ACTIVE
SYN_AGENCY_022,Regional Infrastructure Implementation Agency 022,IMPLEMENTING_AGENCY,Karnataka,Karnataka,ACTIVE
SYN_AGENCY_023,Regional Infrastructure Implementation Agency 023,IMPLEMENTING_AGENCY,Bihar,Bihar,ACTIVE
SYN_AGENCY_024,Regional Infrastructure Implementation Agency 024,IMPLEMENTING_AGENCY,Bihar,Bihar,ACTIVE
SYN_AGENCY_025,Regional Infrastructure Implementation Agency 025,IMPLEMENTING_AGENCY,Chhattisgarh,Durg,ACTIVE
SYN_AGENCY_026,Regional Infrastructure Implementation Agency 026,IMPLEMENTING_AGENCY,Tamil Nadu,Tamil Nadu,ACTIVE
SYN_AGENCY_027,Regional Infrastructure Implementation Agency 027,IMPLEMENTING_AGENCY,Bihar,Bihar,ACTIVE
SYN_AGENCY_028,Regional Infrastructure Implementation Agency 028,IMPLEMENTING_AGENCY,Uttar Pradesh,Uttar Pradesh,ACTIVE
SYN_AGENCY_029,Regional Infrastructure Implementation Agency 029,IMPLEMENTING_AGENCY,Uttar Pradesh,Uttar Pradesh,ACTIVE
SYN_AGENCY_030,Regional Infrastructure Implementation Agency 030,IMPLEMENTING_AGENCY,Uttar Pradesh,Uttar Pradesh,ACTIVE
SYN_AGENCY_031,Regional Infrastructure Implementation Agency 031,IMPLEMENTING_AGENCY,Uttar Pradesh,Uttar Pradesh,ACTIVE
SYN_AGENCY_032,Regional Infrastructure Implementation Agency 032,IMPLEMENTING_AGENCY,Bihar,Bihar,ACTIVE
SYN_AGENCY_033,Regional Infrastructure Implementation Agency 033,IMPLEMENTING_AGENCY,Uttar Pradesh,Uttar Pradesh,ACTIVE
SYN_AGENCY_034,Regional Infrastructure Implementation Agency 034,IMPLEMENTING_AGENCY,Uttar Pradesh,Uttar Pradesh,ACTIVE
SYN_AGENCY_035,Regional Infrastructure Implementation Agency 035,IMPLEMENTING_AGENCY,Odisha,Aska,ACTIVE
SYN_AGENCY_036,Regional Infrastructure Implementation Agency 036,IMPLEMENTING_AGENCY,Bihar,Bihar,ACTIVE
SYN_AGENCY_037,Regional Infrastructure Implementation Agency 037,IMPLEMENTING_AGENCY,Uttar Pradesh,Uttar Pradesh,ACTIVE
SYN_AGENCY_038,Regional Infrastructure Implementation Agency 038,IMPLEMENTING_AGENCY,Uttar Pradesh,Uttar Pradesh,ACTIVE
SYN_AGENCY_039,Regional Infrastructure Implementation Agency 039,IMPLEMENTING_AGENCY,Uttar Pradesh,Uttar Pradesh,ACTIVE
SYN_AGENCY_040,Regional Infrastructure Implementation Agency 040,IMPLEMENTING_AGENCY,Uttar Pradesh,Uttar Pradesh,ACTIVE
SYN_AGENCY_041,Regional Infrastructure Implementation Agency 041,IMPLEMENTING_AGENCY,Odisha,Odisha,ACTIVE
SYN_AGENCY_042,Regional Infrastructure Implementation Agency 042,IMPLEMENTING_AGENCY,Andhra Pradesh,Vijayawada,ACTIVE
SYN_AGENCY_043,Regional Infrastructure Implementation Agency 043,IMPLEMENTING_AGENCY,Uttar Pradesh,Uttar Pradesh,ACTIVE
SYN_AGENCY_044,Regional Infrastructure Implementation Agency 044,IMPLEMENTING_AGENCY,Odisha,Odisha,ACTIVE
SYN_AGENCY_045,Regional Infrastructure Implementation Agency 045,IMPLEMENTING_AGENCY,Uttar Pradesh,Uttar Pradesh,ACTIVE
SYN_AGENCY_046,Regional Infrastructure Implementation Agency 046,IMPLEMENTING_AGENCY,Uttar Pradesh,Uttar Pradesh,ACTIVE
SYN_AGENCY_047,Regional Infrastructure Implementation Agency 047,IMPLEMENTING_AGENCY,Maharashtra,Maharashtra,ACTIVE
SYN_AGENCY_048,Regional Infrastructure Implementation Agency 048,IMPLEMENTING_AGENCY,Uttar Pradesh,Uttar Pradesh,ACTIVE
SYN_AGENCY_049,Regional Infrastructure Implementation Agency 049,IMPLEMENTING_AGENCY,Uttar Pradesh,Uttar Pradesh,ACTIVE
SYN_AGENCY_050,Regional Infrastructure Implementation Agency 050,IMPLEMENTING_AGENCY,Uttar Pradesh,Uttar Pradesh,ACTIVE
SYN_AGENCY_051,Regional Infrastructure Implementation Agency 051,IMPLEMENTING_AGENCY,Uttar Pradesh,Uttar Pradesh,ACTIVE
SYN_AGENCY_052,Regional Infrastructure Implementation Agency 052,IMPLEMENTING_AGENCY,West Bengal,West Bengal,ACTIVE
SYN_AGENCY_053,Regional Infrastructure Implementation Agency 053,IMPLEMENTING_AGENCY,Maharashtra,Maharashtra,ACTIVE
SYN_AGENCY_054,Regional Infrastructure Implementation Agency 054,IMPLEMENTING_AGENCY,Bihar,Bihar,ACTIVE
SYN_AGENCY_055,Regional Infrastructure Implementation Agency 055,IMPLEMENTING_AGENCY,Uttar Pradesh,Uttar Pradesh,ACTIVE
SYN_AGENCY_056,Regional Infrastructure Implementation Agency 056,IMPLEMENTING_AGENCY,Uttar Pradesh,Uttar Pradesh,ACTIVE
SYN_AGENCY_057,Regional Infrastructure Implementation Agency 057,IMPLEMENTING_AGENCY,Madhya Pradesh,Madhya Pradesh,ACTIVE
SYN_AGENCY_058,Regional Infrastructure Implementation Agency 058,IMPLEMENTING_AGENCY,Odisha,Odisha,ACTIVE
SYN_AGENCY_059,Regional Infrastructure Implementation Agency 059,IMPLEMENTING_AGENCY,Bihar,Sasaram,ACTIVE
SYN_AGENCY_060,Regional Infrastructure Implementation Agency 060,IMPLEMENTING_AGENCY,Uttar Pradesh,Uttar Pradesh,ACTIVE
SYN_AGENCY_061,Regional Infrastructure Implementation Agency 061,IMPLEMENTING_AGENCY,Uttar Pradesh,Uttar Pradesh,ACTIVE
SYN_AGENCY_062,Regional Infrastructure Implementation Agency 062,IMPLEMENTING_AGENCY,Odisha,Cuttack,ACTIVE
SYN_AGENCY_063,Regional Infrastructure Implementation Agency 063,IMPLEMENTING_AGENCY,Bihar,Bihar,ACTIVE
SYN_AGENCY_064,Regional Infrastructure Implementation Agency 064,IMPLEMENTING_AGENCY,Maharashtra,Maharashtra,ACTIVE
SYN_AGENCY_065,Regional Infrastructure Implementation Agency 065,IMPLEMENTING_AGENCY,Uttar Pradesh,Uttar Pradesh,ACTIVE
SYN_AGENCY_066,Regional Infrastructure Implementation Agency 066,IMPLEMENTING_AGENCY,Tamil Nadu,Tamil Nadu,ACTIVE
SYN_AGENCY_067,Regional Infrastructure Implementation Agency 067,IMPLEMENTING_AGENCY,Uttar Pradesh,Uttar Pradesh,ACTIVE
SYN_AGENCY_068,Regional Infrastructure Implementation Agency 068,IMPLEMENTING_AGENCY,Uttar Pradesh,Uttar Pradesh,ACTIVE
SYN_AGENCY_069,Regional Infrastructure Implementation Agency 069,IMPLEMENTING_AGENCY,Uttar Pradesh,Uttar Pradesh,ACTIVE
SYN_AGENCY_070,Regional Infrastructure Implementation Agency 070,IMPLEMENTING_AGENCY,Assam,Assam,ACTIVE
SYN_AGENCY_071,Regional Infrastructure Implementation Agency 071,IMPLEMENTING_AGENCY,Uttar Pradesh,Uttar Pradesh,ACTIVE
SYN_AGENCY_072,Regional Infrastructure Implementation Agency 072,IMPLEMENTING_AGENCY,Maharashtra,Jalgaon,ACTIVE
SYN_AGENCY_073,Regional Infrastructure Implementation Agency 073,IMPLEMENTING_AGENCY,Uttar Pradesh,Uttar Pradesh,ACTIVE
SYN_AGENCY_074,Regional Infrastructure Implementation Agency 074,IMPLEMENTING_AGENCY,Uttar Pradesh,Uttar Pradesh,ACTIVE
SYN_AGENCY_075,Regional Infrastructure Implementation Agency 075,IMPLEMENTING_AGENCY,Uttar Pradesh,Uttar Pradesh,ACTIVE
SYN_AGENCY_076,Regional Infrastructure Implementation Agency 076,IMPLEMENTING_AGENCY,Uttar Pradesh,Uttar Pradesh,ACTIVE
SYN_AGENCY_077,Regional Infrastructure Implementation Agency 077,IMPLEMENTING_AGENCY,Uttar Pradesh,Uttar Pradesh,ACTIVE
SYN_AGENCY_078,Regional Infrastructure Implementation Agency 078,IMPLEMENTING_AGENCY,Uttar Pradesh,Uttar Pradesh,ACTIVE
SYN_AGENCY_079,Regional Infrastructure Implementation Agency 079,IMPLEMENTING_AGENCY,Tamil Nadu,Tamil Nadu,ACTIVE
SYN_AGENCY_080,Regional Infrastructure Implementation Agency 080,IMPLEMENTING_AGENCY,Karnataka,Karnataka,ACTIVE
SYN_CONTRACTOR_001,Setu Infra Projects Ltd,CONTRACTOR,Maharashtra,Maharashtra,ACTIVE
SYN_CONTRACTOR_002,Suvidha Builders & Contractors,CONTRACTOR,Maharashtra,Maharashtra,ACTIVE
SYN_CONTRACTOR_003,Bharat Engineering Works,CONTRACTOR,Maharashtra,Maharashtra,ACTIVE
SYN_CONTRACTOR_004,Uday Construction Co,CONTRACTOR,Maharashtra,Maharashtra,ACTIVE
SYN_CONTRACTOR_005,Disha Infrastructure Pvt Ltd,CONTRACTOR,Bihar,Bihar,ACTIVE
SYN_CONTRACTOR_006,Pragati Civil Contractors,CONTRACTOR,Bihar,Bihar,ACTIVE
SYN_CONTRACTOR_007,Vikas Constructions Pvt Ltd,CONTRACTOR,Bihar,Bihar,ACTIVE
SYN_CONTRACTOR_008,Shakti Infra Projects Ltd,CONTRACTOR,Bihar,Bihar,ACTIVE
SYN_CONTRACTOR_009,Anand Builders & Contractors,CONTRACTOR,Bihar,Bihar,ACTIVE
SYN_CONTRACTOR_010,Sankalp Engineering Works,CONTRACTOR,Chhattisgarh,Chhattisgarh,ACTIVE
SYN_CONTRACTOR_011,Utkarsh Construction Co,CONTRACTOR,Chhattisgarh,Chhattisgarh,ACTIVE
SYN_CONTRACTOR_012,Rachna Infrastructure Pvt Ltd,CONTRACTOR,Maharashtra,Solapur,ACTIVE
SYN_CONTRACTOR_013,Sthapatya Civil Contractors,CONTRACTOR,Maharashtra,Maharashtra,ACTIVE
SYN_CONTRACTOR_014,Aadhar Constructions Pvt Ltd,CONTRACTOR,Uttar Pradesh,Uttar Pradesh,ACTIVE
SYN_CONTRACTOR_015,Kirti Infra Projects Ltd,CONTRACTOR,Madhya Pradesh,Bhopal,ACTIVE
SYN_CONTRACTOR_016,Vishwas Builders & Contractors,CONTRACTOR,Uttarakhand,Nainital Udham Singh Nag.,ACTIVE
SYN_CONTRACTOR_017,Samruddhi Engineering Works,CONTRACTOR,West Bengal,Murshidabad,ACTIVE
SYN_CONTRACTOR_018,Tarang Construction Co,CONTRACTOR,West Bengal,Murshidabad,ACTIVE
SYN_CONTRACTOR_019,Nirman Infrastructure Pvt Ltd,CONTRACTOR,West Bengal,Murshidabad,ACTIVE
SYN_CONTRACTOR_020,Nirmaan Civil Contractors,CONTRACTOR,West Bengal,Murshidabad,ACTIVE
SYN_CONTRACTOR_021,Setu Constructions Pvt Ltd,CONTRACTOR,West Bengal,Murshidabad,ACTIVE
SYN_CONTRACTOR_022,Suvidha Infra Projects Ltd,CONTRACTOR,West Bengal,Murshidabad,ACTIVE
SYN_CONTRACTOR_023,Bharat Builders & Contractors,CONTRACTOR,Bihar,Bihar,ACTIVE
SYN_CONTRACTOR_024,Uday Engineering Works,CONTRACTOR,Bihar,Bihar,ACTIVE
SYN_CONTRACTOR_025,Disha Construction Co,CONTRACTOR,Bihar,Bihar,ACTIVE
SYN_CONTRACTOR_026,Pragati Infrastructure Pvt Ltd,CONTRACTOR,Uttar Pradesh,Uttar Pradesh,ACTIVE
SYN_CONTRACTOR_027,Vikas Civil Contractors,CONTRACTOR,Uttar Pradesh,Uttar Pradesh,ACTIVE
SYN_CONTRACTOR_028,Shakti Constructions Pvt Ltd,CONTRACTOR,Maharashtra,Maharashtra,ACTIVE
SYN_CONTRACTOR_029,Anand Infra Projects Ltd,CONTRACTOR,Uttar Pradesh,Uttar Pradesh,ACTIVE
SYN_CONTRACTOR_030,Sankalp Builders & Contractors,CONTRACTOR,Uttar Pradesh,Uttar Pradesh,ACTIVE
SYN_CONTRACTOR_031,Utkarsh Engineering Works,CONTRACTOR,Bihar,Bihar,ACTIVE
SYN_CONTRACTOR_032,Rachna Construction Co,CONTRACTOR,Uttar Pradesh,Uttar Pradesh,ACTIVE
SYN_CONTRACTOR_033,Sthapatya Infrastructure Pvt Ltd,CONTRACTOR,Bihar,Bihar,ACTIVE
SYN_CONTRACTOR_034,Aadhar Civil Contractors,CONTRACTOR,Sikkim,Sikkim,ACTIVE
SYN_CONTRACTOR_035,Kirti Constructions Pvt Ltd,CONTRACTOR,Sikkim,Sikkim,ACTIVE
SYN_CONTRACTOR_036,Vishwas Infra Projects Ltd,CONTRACTOR,Uttar Pradesh,Uttar Pradesh,ACTIVE
SYN_CONTRACTOR_037,Samruddhi Builders & Contractors,CONTRACTOR,Karnataka,Karnataka,ACTIVE
SYN_CONTRACTOR_038,Tarang Engineering Works,CONTRACTOR,Karnataka,Karnataka,ACTIVE
SYN_CONTRACTOR_039,Nirman Construction Co,CONTRACTOR,Karnataka,Karnataka,ACTIVE
SYN_CONTRACTOR_040,Nirmaan Infrastructure Pvt Ltd,CONTRACTOR,Odisha,Odisha,ACTIVE
SYN_CONTRACTOR_041,Setu Civil Contractors,CONTRACTOR,Odisha,Odisha,ACTIVE
SYN_CONTRACTOR_042,Suvidha Constructions Pvt Ltd,CONTRACTOR,Punjab,Fatehgarh Sahib,ACTIVE
SYN_CONTRACTOR_043,Bharat Infra Projects Ltd,CONTRACTOR,Karnataka,Karnataka,ACTIVE
SYN_CONTRACTOR_044,Uday Builders & Contractors,CONTRACTOR,Karnataka,Karnataka,ACTIVE
SYN_CONTRACTOR_045,Disha Engineering Works,CONTRACTOR,Haryana,Rohtak,ACTIVE
SYN_CONTRACTOR_046,Pragati Construction Co,CONTRACTOR,Maharashtra,Wardha,ACTIVE
SYN_CONTRACTOR_047,Vikas Infrastructure Pvt Ltd,CONTRACTOR,Bihar,Bhagalpur,ACTIVE
SYN_CONTRACTOR_048,Shakti Civil Contractors,CONTRACTOR,West Bengal,Kanthi,ACTIVE
SYN_CONTRACTOR_049,Anand Constructions Pvt Ltd,CONTRACTOR,West Bengal,Kanthi,ACTIVE
SYN_CONTRACTOR_050,Sankalp Infra Projects Ltd,CONTRACTOR,West Bengal,Kanthi,ACTIVE
SYN_CONTRACTOR_051,Utkarsh Builders & Contractors,CONTRACTOR,West Bengal,Kanthi,ACTIVE
SYN_CONTRACTOR_052,Rachna Engineering Works,CONTRACTOR,Madhya Pradesh,Madhya Pradesh,ACTIVE
SYN_CONTRACTOR_053,Sthapatya Construction Co,CONTRACTOR,Madhya Pradesh,Madhya Pradesh,ACTIVE
SYN_CONTRACTOR_054,Aadhar Infrastructure Pvt Ltd,CONTRACTOR,Madhya Pradesh,Madhya Pradesh,ACTIVE
SYN_CONTRACTOR_055,Kirti Civil Contractors,CONTRACTOR,Uttar Pradesh,Uttar Pradesh,ACTIVE
SYN_CONTRACTOR_056,Vishwas Constructions Pvt Ltd,CONTRACTOR,Madhya Pradesh,Madhya Pradesh,ACTIVE
SYN_CONTRACTOR_057,Samruddhi Infra Projects Ltd,CONTRACTOR,Madhya Pradesh,Madhya Pradesh,ACTIVE
SYN_CONTRACTOR_058,Tarang Builders & Contractors,CONTRACTOR,Madhya Pradesh,Madhya Pradesh,ACTIVE
SYN_CONTRACTOR_059,Nirman Engineering Works,CONTRACTOR,Madhya Pradesh,Madhya Pradesh,ACTIVE
SYN_CONTRACTOR_060,Nirmaan Construction Co,CONTRACTOR,Uttar Pradesh,Uttar Pradesh,ACTIVE
SYN_CONTRACTOR_061,Setu Infrastructure Pvt Ltd,CONTRACTOR,Uttar Pradesh,Uttar Pradesh,ACTIVE
SYN_CONTRACTOR_062,Suvidha Civil Contractors,CONTRACTOR,Uttar Pradesh,Uttar Pradesh,ACTIVE
SYN_CONTRACTOR_063,Bharat Constructions Pvt Ltd,CONTRACTOR,Karnataka,Karnataka,ACTIVE
SYN_CONTRACTOR_064,Uday Infra Projects Ltd,CONTRACTOR,Karnataka,Karnataka,ACTIVE
SYN_CONTRACTOR_065,Disha Builders & Contractors,CONTRACTOR,Karnataka,Karnataka,ACTIVE
SYN_CONTRACTOR_066,Pragati Engineering Works,CONTRACTOR,Uttar Pradesh,Uttar Pradesh,ACTIVE
SYN_CONTRACTOR_067,Vikas Construction Co,CONTRACTOR,Uttar Pradesh,Uttar Pradesh,ACTIVE
SYN_CONTRACTOR_068,Shakti Infrastructure Pvt Ltd,CONTRACTOR,Karnataka,Karnataka,ACTIVE
SYN_CONTRACTOR_069,Anand Civil Contractors,CONTRACTOR,Bihar,Bihar,ACTIVE
SYN_CONTRACTOR_070,Sankalp Constructions Pvt Ltd,CONTRACTOR,Bihar,Bihar,ACTIVE
SYN_CONTRACTOR_071,Utkarsh Infra Projects Ltd,CONTRACTOR,West Bengal,Ghatal,ACTIVE
SYN_CONTRACTOR_072,Rachna Builders & Contractors,CONTRACTOR,West Bengal,Ghatal,ACTIVE
SYN_CONTRACTOR_073,Sthapatya Engineering Works,CONTRACTOR,Karnataka,Karnataka,ACTIVE
SYN_CONTRACTOR_074,Aadhar Construction Co,CONTRACTOR,Maharashtra,Hingoli,ACTIVE
SYN_CONTRACTOR_075,Kirti Infrastructure Pvt Ltd,CONTRACTOR,Maharashtra,Hingoli,ACTIVE
SYN_CONTRACTOR_076,Vishwas Civil Contractors,CONTRACTOR,Maharashtra,Hingoli,ACTIVE
SYN_CONTRACTOR_077,Samruddhi Constructions Pvt Ltd,CONTRACTOR,Maharashtra,Hingoli,ACTIVE
SYN_CONTRACTOR_078,Tarang Infra Projects Ltd,CONTRACTOR,Maharashtra,Hingoli,ACTIVE
SYN_CONTRACTOR_079,Nirman Builders & Contractors,CONTRACTOR,Maharashtra,Hingoli,ACTIVE
SYN_CONTRACTOR_080,Nirmaan Engineering Works,CONTRACTOR,Maharashtra,Hingoli,ACTIVE
SYN_CONTRACTOR_081,Setu Construction Co,CONTRACTOR,Maharashtra,Hingoli,ACTIVE
SYN_CONTRACTOR_082,Suvidha Infrastructure Pvt Ltd,CONTRACTOR,Jammu And Kashmir,Baramullah,ACTIVE
SYN_CONTRACTOR_083,Bharat Civil Contractors,CONTRACTOR,Andhra Pradesh,Andhra Pradesh,ACTIVE
SYN_CONTRACTOR_084,Uday Constructions Pvt Ltd,CONTRACTOR,Madhya Pradesh,Madhya Pradesh,ACTIVE
SYN_CONTRACTOR_085,Disha Infra Projects Ltd,CONTRACTOR,Andhra Pradesh,Andhra Pradesh,ACTIVE
SYN_CONTRACTOR_086,Pragati Builders & Contractors,CONTRACTOR,Uttar Pradesh,Uttar Pradesh,ACTIVE
SYN_CONTRACTOR_087,Vikas Engineering Works,CONTRACTOR,Uttar Pradesh,Uttar Pradesh,ACTIVE
SYN_CONTRACTOR_088,Shakti Construction Co,CONTRACTOR,Uttar Pradesh,Uttar Pradesh,ACTIVE
SYN_CONTRACTOR_089,Anand Infrastructure Pvt Ltd,CONTRACTOR,Uttar Pradesh,Uttar Pradesh,ACTIVE
SYN_CONTRACTOR_090,Sankalp Civil Contractors,CONTRACTOR,Uttar Pradesh,Uttar Pradesh,ACTIVE
SYN_CONTRACTOR_091,Utkarsh Constructions Pvt Ltd,CONTRACTOR,Uttar Pradesh,Uttar Pradesh,ACTIVE
SYN_CONTRACTOR_092,Rachna Infra Projects Ltd,CONTRACTOR,Uttar Pradesh,Uttar Pradesh,ACTIVE
SYN_CONTRACTOR_093,Sthapatya Builders & Contractors,CONTRACTOR,Uttar Pradesh,Uttar Pradesh,ACTIVE
SYN_CONTRACTOR_094,Aadhar Engineering Works,CONTRACTOR,Uttar Pradesh,Uttar Pradesh,ACTIVE
SYN_CONTRACTOR_095,Kirti Construction Co,CONTRACTOR,Rajasthan,Rajasthan,ACTIVE
SYN_CONTRACTOR_096,Vishwas Infrastructure Pvt Ltd,CONTRACTOR,Uttar Pradesh,Uttar Pradesh,ACTIVE
SYN_CONTRACTOR_097,Samruddhi Civil Contractors,CONTRACTOR,Uttar Pradesh,Uttar Pradesh,ACTIVE
SYN_CONTRACTOR_098,Tarang Constructions Pvt Ltd,CONTRACTOR,Uttar Pradesh,Uttar Pradesh,ACTIVE
SYN_CONTRACTOR_099,Nirman Infra Projects Ltd,CONTRACTOR,Uttar Pradesh,Uttar Pradesh,ACTIVE
SYN_CONTRACTOR_100,Nirmaan Builders & Contractors,CONTRACTOR,Uttar Pradesh,Uttar Pradesh,ACTIVE
SYN_CONTRACTOR_101,Setu Engineering Works,CONTRACTOR,West Bengal,Barasat,ACTIVE
SYN_CONTRACTOR_102,Suvidha Construction Co,CONTRACTOR,Punjab,Amritsar,ACTIVE
SYN_CONTRACTOR_103,Bharat Infrastructure Pvt Ltd,CONTRACTOR,Punjab,Amritsar,ACTIVE
SYN_CONTRACTOR_104,Uday Civil Contractors,CONTRACTOR,Jammu And Kashmir,Baramullah,ACTIVE
SYN_CONTRACTOR_105,Disha Constructions Pvt Ltd,CONTRACTOR,Jammu And Kashmir,Baramullah,ACTIVE
SYN_CONTRACTOR_106,Pragati Infra Projects Ltd,CONTRACTOR,Jammu And Kashmir,Baramullah,ACTIVE
SYN_CONTRACTOR_107,Vikas Builders & Contractors,CONTRACTOR,Jammu And Kashmir,Baramullah,ACTIVE
SYN_CONTRACTOR_108,Shakti Engineering Works,CONTRACTOR,Jammu And Kashmir,Baramullah,ACTIVE
SYN_CONTRACTOR_109,Anand Construction Co,CONTRACTOR,Jammu And Kashmir,Baramullah,ACTIVE
SYN_CONTRACTOR_110,Sankalp Infrastructure Pvt Ltd,CONTRACTOR,Jammu And Kashmir,Baramullah,ACTIVE
SYN_CONTRACTOR_111,Utkarsh Civil Contractors,CONTRACTOR,Uttar Pradesh,Uttar Pradesh,ACTIVE
SYN_CONTRACTOR_112,Rachna Constructions Pvt Ltd,CONTRACTOR,Uttar Pradesh,Uttar Pradesh,ACTIVE
SYN_CONTRACTOR_113,Sthapatya Infra Projects Ltd,CONTRACTOR,Uttar Pradesh,Uttar Pradesh,ACTIVE
SYN_CONTRACTOR_114,Aadhar Builders & Contractors,CONTRACTOR,Uttar Pradesh,Uttar Pradesh,ACTIVE
SYN_CONTRACTOR_115,Kirti Engineering Works,CONTRACTOR,Uttar Pradesh,Uttar Pradesh,ACTIVE
SYN_CONTRACTOR_116,Vishwas Construction Co,CONTRACTOR,Tamil Nadu,Tamil Nadu,ACTIVE
SYN_CONTRACTOR_117,Samruddhi Infrastructure Pvt Ltd,CONTRACTOR,Tamil Nadu,Tamil Nadu,ACTIVE
SYN_CONTRACTOR_118,Tarang Civil Contractors,CONTRACTOR,Tamil Nadu,Tamil Nadu,ACTIVE
SYN_CONTRACTOR_119,Nirman Constructions Pvt Ltd,CONTRACTOR,Tamil Nadu,Tamil Nadu,ACTIVE
SYN_CONTRACTOR_120,Nirmaan Infra Projects Ltd,CONTRACTOR,Tamil Nadu,Tamil Nadu,ACTIVE
SYN_CONTRACTOR_121,Setu Builders & Contractors,CONTRACTOR,Tamil Nadu,Tamil Nadu,ACTIVE
SYN_CONTRACTOR_122,Suvidha Engineering Works,CONTRACTOR,Uttar Pradesh,Uttar Pradesh,ACTIVE
SYN_CONTRACTOR_123,Bharat Construction Co,CONTRACTOR,Uttar Pradesh,Uttar Pradesh,ACTIVE
SYN_CONTRACTOR_124,Uday Infrastructure Pvt Ltd,CONTRACTOR,Uttar Pradesh,Uttar Pradesh,ACTIVE
SYN_CONTRACTOR_125,Disha Civil Contractors,CONTRACTOR,Bihar,Bihar,ACTIVE
SYN_CONTRACTOR_126,Pragati Constructions Pvt Ltd,CONTRACTOR,Uttar Pradesh,Uttar Pradesh,ACTIVE
SYN_CONTRACTOR_127,Vikas Infra Projects Ltd,CONTRACTOR,Uttar Pradesh,Uttar Pradesh,ACTIVE
SYN_CONTRACTOR_128,Shakti Builders & Contractors,CONTRACTOR,Uttar Pradesh,Uttar Pradesh,ACTIVE
SYN_CONTRACTOR_129,Anand Engineering Works,CONTRACTOR,Uttar Pradesh,Uttar Pradesh,ACTIVE
SYN_CONTRACTOR_130,Sankalp Construction Co,CONTRACTOR,Bihar,Bihar,ACTIVE
SYN_CONTRACTOR_131,Utkarsh Infrastructure Pvt Ltd,CONTRACTOR,Bihar,Bihar,ACTIVE
SYN_CONTRACTOR_132,Rachna Civil Contractors,CONTRACTOR,Bihar,Bihar,ACTIVE
SYN_CONTRACTOR_133,Sthapatya Constructions Pvt Ltd,CONTRACTOR,Maharashtra,Maharashtra,ACTIVE
SYN_CONTRACTOR_134,Aadhar Infra Projects Ltd,CONTRACTOR,Kerala,Kottayam,ACTIVE
SYN_CONTRACTOR_135,Kirti Builders & Contractors,CONTRACTOR,Bihar,Aurangabad,ACTIVE
SYN_CONTRACTOR_136,Vishwas Engineering Works,CONTRACTOR,Bihar,Aurangabad,ACTIVE
SYN_CONTRACTOR_137,Samruddhi Construction Co,CONTRACTOR,Bihar,Aurangabad,ACTIVE
SYN_CONTRACTOR_138,Tarang Infrastructure Pvt Ltd,CONTRACTOR,Bihar,Aurangabad,ACTIVE
SYN_CONTRACTOR_139,Nirman Civil Contractors,CONTRACTOR,Bihar,Aurangabad,ACTIVE
SYN_CONTRACTOR_140,Nirmaan Constructions Pvt Ltd,CONTRACTOR,Bihar,Aurangabad,ACTIVE
SYN_CONTRACTOR_141,Setu Infra Projects Ltd,CONTRACTOR,Bihar,Aurangabad,ACTIVE
SYN_CONTRACTOR_142,Suvidha Builders & Contractors,CONTRACTOR,West Bengal,Tamluk,ACTIVE
SYN_CONTRACTOR_143,Bharat Engineering Works,CONTRACTOR,West Bengal,Tamluk,ACTIVE
SYN_CONTRACTOR_144,Uday Construction Co,CONTRACTOR,West Bengal,Tamluk,ACTIVE
SYN_CONTRACTOR_145,Disha Infrastructure Pvt Ltd,CONTRACTOR,Uttar Pradesh,Uttar Pradesh,ACTIVE
SYN_CONTRACTOR_146,Pragati Civil Contractors,CONTRACTOR,Uttar Pradesh,Uttar Pradesh,ACTIVE
SYN_CONTRACTOR_147,Vikas Constructions Pvt Ltd,CONTRACTOR,Tamil Nadu,Tamil Nadu,ACTIVE
SYN_CONTRACTOR_148,Shakti Infra Projects Ltd,CONTRACTOR,Uttar Pradesh,Uttar Pradesh,ACTIVE
SYN_CONTRACTOR_149,Anand Builders & Contractors,CONTRACTOR,Maharashtra,Maharashtra,ACTIVE
SYN_CONTRACTOR_150,Sankalp Engineering Works,CONTRACTOR,Tamil Nadu,Tamil Nadu,ACTIVE
SYN_CONTRACTOR_151,Utkarsh Construction Co,CONTRACTOR,Tamil Nadu,Tamil Nadu,ACTIVE
SYN_CONTRACTOR_152,Rachna Infrastructure Pvt Ltd,CONTRACTOR,Maharashtra,Maharashtra,ACTIVE
SYN_CONTRACTOR_153,Sthapatya Civil Contractors,CONTRACTOR,Maharashtra,Maharashtra,ACTIVE
SYN_CONTRACTOR_154,Aadhar Constructions Pvt Ltd,CONTRACTOR,Punjab,Punjab,ACTIVE
SYN_CONTRACTOR_155,Kirti Infra Projects Ltd,CONTRACTOR,Tamil Nadu,Tamil Nadu,ACTIVE
SYN_CONTRACTOR_156,Vishwas Builders & Contractors,CONTRACTOR,Punjab,Punjab,ACTIVE
SYN_CONTRACTOR_157,Samruddhi Engineering Works,CONTRACTOR,Punjab,Punjab,ACTIVE
SYN_CONTRACTOR_158,Tarang Construction Co,CONTRACTOR,Kerala,Kerala,ACTIVE
SYN_CONTRACTOR_159,Nirman Infrastructure Pvt Ltd,CONTRACTOR,Kerala,Kerala,ACTIVE
SYN_CONTRACTOR_160,Nirmaan Civil Contractors,CONTRACTOR,Kerala,Kerala,ACTIVE
SYN_CONTRACTOR_161,Setu Constructions Pvt Ltd,CONTRACTOR,Kerala,Kerala,ACTIVE
SYN_CONTRACTOR_162,Suvidha Infra Projects Ltd,CONTRACTOR,Kerala,Kerala,ACTIVE
SYN_CONTRACTOR_163,Bharat Builders & Contractors,CONTRACTOR,Kerala,Kerala,ACTIVE
SYN_CONTRACTOR_164,Uday Engineering Works,CONTRACTOR,Maharashtra,Kolhapur,ACTIVE
SYN_CONTRACTOR_165,Disha Construction Co,CONTRACTOR,Uttar Pradesh,Ghazipur,ACTIVE
SYN_CONTRACTOR_166,Pragati Infrastructure Pvt Ltd,CONTRACTOR,West Bengal,Tamluk,ACTIVE
SYN_CONTRACTOR_167,Vikas Civil Contractors,CONTRACTOR,West Bengal,Tamluk,ACTIVE
SYN_CONTRACTOR_168,Shakti Constructions Pvt Ltd,CONTRACTOR,West Bengal,Tamluk,ACTIVE
SYN_CONTRACTOR_169,Anand Infra Projects Ltd,CONTRACTOR,West Bengal,Tamluk,ACTIVE
SYN_CONTRACTOR_170,Sankalp Builders & Contractors,CONTRACTOR,West Bengal,Tamluk,ACTIVE
SYN_CONTRACTOR_171,Utkarsh Engineering Works,CONTRACTOR,West Bengal,Tamluk,ACTIVE
SYN_CONTRACTOR_172,Rachna Construction Co,CONTRACTOR,Uttar Pradesh,Uttar Pradesh,ACTIVE
SYN_CONTRACTOR_173,Sthapatya Infrastructure Pvt Ltd,CONTRACTOR,West Bengal,Murshidabad,ACTIVE
SYN_CONTRACTOR_174,Aadhar Civil Contractors,CONTRACTOR,West Bengal,Murshidabad,ACTIVE
SYN_CONTRACTOR_175,Kirti Constructions Pvt Ltd,CONTRACTOR,Tamil Nadu,Tamil Nadu,ACTIVE
SYN_CONTRACTOR_176,Vishwas Infra Projects Ltd,CONTRACTOR,Maharashtra,Maharashtra,ACTIVE
SYN_CONTRACTOR_177,Samruddhi Builders & Contractors,CONTRACTOR,Maharashtra,Maharashtra,ACTIVE
SYN_CONTRACTOR_178,Tarang Engineering Works,CONTRACTOR,Maharashtra,Maharashtra,ACTIVE
SYN_CONTRACTOR_179,Nirman Construction Co,CONTRACTOR,Maharashtra,Maharashtra,ACTIVE
SYN_CONTRACTOR_180,Nirmaan Infrastructure Pvt Ltd,CONTRACTOR,Maharashtra,Maharashtra,ACTIVE
SYN_DA_001,Uttar Pradesh District Authority,DISTRICT_AUTHORITY,Uttar Pradesh,Uttar Pradesh,ACTIVE
SYN_DA_002,Tamil Nadu District Authority,DISTRICT_AUTHORITY,Tamil Nadu,Tamil Nadu,ACTIVE
SYN_DA_003,Maharashtra District Authority,DISTRICT_AUTHORITY,Maharashtra,Maharashtra,ACTIVE
SYN_DA_004,Bihar District Authority,DISTRICT_AUTHORITY,Bihar,Bihar,ACTIVE
SYN_DA_005,Andhra Pradesh District Authority,DISTRICT_AUTHORITY,Andhra Pradesh,Andhra Pradesh,ACTIVE
SYN_DA_006,Karnataka District Authority,DISTRICT_AUTHORITY,Karnataka,Karnataka,ACTIVE
SYN_DA_007,West Bengal District Authority,DISTRICT_AUTHORITY,West Bengal,West Bengal,ACTIVE
SYN_DA_008,Kerala District Authority,DISTRICT_AUTHORITY,Kerala,Kerala,ACTIVE
SYN_DA_009,Rajasthan District Authority,DISTRICT_AUTHORITY,Rajasthan,Rajasthan,ACTIVE
SYN_DA_010,Madhya Pradesh District Authority,DISTRICT_AUTHORITY,Madhya Pradesh,Madhya Pradesh,ACTIVE
SYN_DA_011,Gujarat District Authority,DISTRICT_AUTHORITY,Gujarat,Gujarat,ACTIVE
SYN_DA_012,Odisha District Authority,DISTRICT_AUTHORITY,Odisha,Odisha,ACTIVE
SYN_DA_013,Assam District Authority,DISTRICT_AUTHORITY,Assam,Assam,ACTIVE
SYN_DA_014,Punjab District Authority,DISTRICT_AUTHORITY,Punjab,Punjab,ACTIVE
SYN_DA_015,Telangana District Authority,DISTRICT_AUTHORITY,Telangana,Telangana,ACTIVE
SYN_DA_016,Chhattisgarh District Authority,DISTRICT_AUTHORITY,Chhattisgarh,Chhattisgarh,ACTIVE
SYN_DA_017,Jammu And Kashmir District Authority,DISTRICT_AUTHORITY,Jammu And Kashmir,Jammu And Kashmir,ACTIVE
SYN_DA_018,Haryana District Authority,DISTRICT_AUTHORITY,Haryana,Haryana,ACTIVE
SYN_DA_019,Delhi District Authority,DISTRICT_AUTHORITY,Delhi,Delhi,ACTIVE
SYN_DA_020,Jharkhand District Authority,DISTRICT_AUTHORITY,Jharkhand,Jharkhand,ACTIVE
SYN_DA_021,Himachal Pradesh District Authority,DISTRICT_AUTHORITY,Himachal Pradesh,Himachal Pradesh,ACTIVE
SYN_DA_022,Uttarakhand District Authority,DISTRICT_AUTHORITY,Uttarakhand,Uttarakhand,ACTIVE
SYN_DA_023,Mizoram District Authority,DISTRICT_AUTHORITY,Mizoram,Mizoram,ACTIVE
SYN_DA_024,Chandigarh District Authority,DISTRICT_AUTHORITY,Chandigarh,Chandigarh,ACTIVE
SYN_DA_025,Nagaland District Authority,DISTRICT_AUTHORITY,Nagaland,Nagaland,ACTIVE
SYN_DA_026,Nanded District Authority,DISTRICT_AUTHORITY,Maharashtra,Nanded,ACTIVE
SYN_DA_027,Sikkim District Authority,DISTRICT_AUTHORITY,Sikkim,Sikkim,ACTIVE
SYN_DA_028,Puducherry District Authority,DISTRICT_AUTHORITY,Puducherry,Puducherry,ACTIVE
SYN_DA_029,Baramullah District Authority,DISTRICT_AUTHORITY,Jammu And Kashmir,Baramullah,ACTIVE
SYN_DA_030,Murshidabad District Authority,DISTRICT_AUTHORITY,West Bengal,Murshidabad,ACTIVE
SYN_DA_031,Kanthi District Authority,DISTRICT_AUTHORITY,West Bengal,Kanthi,ACTIVE
SYN_DA_032,Attingal District Authority,DISTRICT_AUTHORITY,Kerala,Attingal,ACTIVE
SYN_DA_033,Nandurbar District Authority,DISTRICT_AUTHORITY,Maharashtra,Nandurbar,ACTIVE
SYN_DA_034,Hamirpur District Authority,DISTRICT_AUTHORITY,Uttar Pradesh,Hamirpur,ACTIVE
SYN_DA_035,Kannauj District Authority,DISTRICT_AUTHORITY,Uttar Pradesh,Kannauj,ACTIVE
SYN_DA_036,Firozabad District Authority,DISTRICT_AUTHORITY,Uttar Pradesh,Firozabad,ACTIVE
SYN_DA_037,Bhopal District Authority,DISTRICT_AUTHORITY,Madhya Pradesh,Bhopal,ACTIVE
SYN_DA_038,Wardha District Authority,DISTRICT_AUTHORITY,Maharashtra,Wardha,ACTIVE
SYN_DA_039,Anantapur District Authority,DISTRICT_AUTHORITY,Andhra Pradesh,Anantapur,ACTIVE
SYN_DA_040,Shirur District Authority,DISTRICT_AUTHORITY,Maharashtra,Shirur,ACTIVE
SYN_DA_041,Bahraich District Authority,DISTRICT_AUTHORITY,Uttar Pradesh,Bahraich,ACTIVE
SYN_DA_042,Keonjhar District Authority,DISTRICT_AUTHORITY,Odisha,Keonjhar,ACTIVE
SYN_DA_043,Nilgiris District Authority,DISTRICT_AUTHORITY,Tamil Nadu,Nilgiris,ACTIVE
SYN_DA_044,Inner Manipur District Authority,DISTRICT_AUTHORITY,Manipur,Inner Manipur,ACTIVE
SYN_DA_045,Aska District Authority,DISTRICT_AUTHORITY,Odisha,Aska,ACTIVE
SYN_DA_046,Pathanamthitta District Authority,DISTRICT_AUTHORITY,Kerala,Pathanamthitta,ACTIVE
SYN_DA_047,Vizianagaram District Authority,DISTRICT_AUTHORITY,Andhra Pradesh,Vizianagaram,ACTIVE
SYN_DA_048,Nizamabad District Authority,DISTRICT_AUTHORITY,Telangana,Nizamabad,ACTIVE
SYN_DA_049,Mumbai South District Authority,DISTRICT_AUTHORITY,Maharashtra,Mumbai South,ACTIVE
SYN_DA_050,Hyderabad District Authority,DISTRICT_AUTHORITY,Telangana,Hyderabad,ACTIVE
SYN_DA_051,Jabalpur District Authority,DISTRICT_AUTHORITY,Madhya Pradesh,Jabalpur,ACTIVE
SYN_DA_052,Misrikh District Authority,DISTRICT_AUTHORITY,Uttar Pradesh,Misrikh,ACTIVE
SYN_DA_053,Faizabad District Authority,DISTRICT_AUTHORITY,Uttar Pradesh,Faizabad,ACTIVE
SYN_DA_054,Arambag District Authority,DISTRICT_AUTHORITY,West Bengal,Arambag,ACTIVE
SYN_DA_055,Amravati District Authority,DISTRICT_AUTHORITY,Maharashtra,Amravati,ACTIVE
SYN_DA_056,Bhiwandi District Authority,DISTRICT_AUTHORITY,Maharashtra,Bhiwandi,ACTIVE
SYN_DA_057,Patan District Authority,DISTRICT_AUTHORITY,Gujarat,Patan,ACTIVE
SYN_DA_058,Shirdi District Authority,DISTRICT_AUTHORITY,Maharashtra,Shirdi,ACTIVE
SYN_DA_059,Bulandshahr District Authority,DISTRICT_AUTHORITY,Uttar Pradesh,Bulandshahr,ACTIVE
SYN_DA_060,Jagatsinghpur District Authority,DISTRICT_AUTHORITY,Odisha,Jagatsinghpur,ACTIVE
SYN_DEPT_001,"Department of Rural Development, Andaman And Nicobar Islands",GOVERNMENT_DEPARTMENT,Andaman And Nicobar Islands,State Headquarters,ACTIVE
SYN_DEPT_002,"Department of Public Works, Andhra Pradesh",GOVERNMENT_DEPARTMENT,Andhra Pradesh,State Headquarters,ACTIVE
SYN_DEPT_003,"Department of Panchayati Raj, Arunachal Pradesh",GOVERNMENT_DEPARTMENT,Arunachal Pradesh,State Headquarters,ACTIVE
SYN_DEPT_004,"Department of Urban Development, Assam",GOVERNMENT_DEPARTMENT,Assam,State Headquarters,ACTIVE
SYN_DEPT_005,"Department of Water Supply & Sanitation, Bihar",GOVERNMENT_DEPARTMENT,Bihar,State Headquarters,ACTIVE
SYN_DEPT_006,"Department of Health & Family Welfare, Chandigarh",GOVERNMENT_DEPARTMENT,Chandigarh,State Headquarters,ACTIVE
SYN_DEPT_007,"Department of School Education, Chhattisgarh",GOVERNMENT_DEPARTMENT,Chhattisgarh,State Headquarters,ACTIVE
SYN_DEPT_008,"Department of Social Welfare, Delhi",GOVERNMENT_DEPARTMENT,Delhi,State Headquarters,ACTIVE
SYN_DEPT_009,"Department of Roads & Buildings, Goa",GOVERNMENT_DEPARTMENT,Goa,State Headquarters,ACTIVE
SYN_DEPT_010,"Department of Irrigation, Gujarat",GOVERNMENT_DEPARTMENT,Gujarat,State Headquarters,ACTIVE
SYN_DEPT_011,"Department of Rural Development, Haryana",GOVERNMENT_DEPARTMENT,Haryana,State Headquarters,ACTIVE
SYN_DEPT_012,"Department of Public Works, Himachal Pradesh",GOVERNMENT_DEPARTMENT,Himachal Pradesh,State Headquarters,ACTIVE
SYN_DEPT_013,"Department of Panchayati Raj, Jammu And Kashmir",GOVERNMENT_DEPARTMENT,Jammu And Kashmir,State Headquarters,ACTIVE
SYN_DEPT_014,"Department of Urban Development, Jharkhand",GOVERNMENT_DEPARTMENT,Jharkhand,State Headquarters,ACTIVE
SYN_DEPT_015,"Department of Water Supply & Sanitation, Karnataka",GOVERNMENT_DEPARTMENT,Karnataka,State Headquarters,ACTIVE
SYN_DEPT_016,"Department of Health & Family Welfare, Kerala",GOVERNMENT_DEPARTMENT,Kerala,State Headquarters,ACTIVE
SYN_DEPT_017,"Department of School Education, Ladakh",GOVERNMENT_DEPARTMENT,Ladakh,State Headquarters,ACTIVE
SYN_DEPT_018,"Department of Social Welfare, Lakshadweep",GOVERNMENT_DEPARTMENT,Lakshadweep,State Headquarters,ACTIVE
SYN_DEPT_019,"Department of Roads & Buildings, Madhya Pradesh",GOVERNMENT_DEPARTMENT,Madhya Pradesh,State Headquarters,ACTIVE
SYN_DEPT_020,"Department of Irrigation, Maharashtra",GOVERNMENT_DEPARTMENT,Maharashtra,State Headquarters,ACTIVE
SYN_DEPT_021,"Department of Rural Development, Manipur",GOVERNMENT_DEPARTMENT,Manipur,State Headquarters,ACTIVE
SYN_DEPT_022,"Department of Public Works, Meghalaya",GOVERNMENT_DEPARTMENT,Meghalaya,State Headquarters,ACTIVE
SYN_DEPT_023,"Department of Panchayati Raj, Mizoram",GOVERNMENT_DEPARTMENT,Mizoram,State Headquarters,ACTIVE
SYN_DEPT_024,"Department of Urban Development, Nagaland",GOVERNMENT_DEPARTMENT,Nagaland,State Headquarters,ACTIVE
SYN_DEPT_025,"Department of Water Supply & Sanitation, Odisha",GOVERNMENT_DEPARTMENT,Odisha,State Headquarters,ACTIVE
SYN_DEPT_026,"Department of Health & Family Welfare, Puducherry",GOVERNMENT_DEPARTMENT,Puducherry,State Headquarters,ACTIVE
SYN_DEPT_027,"Department of School Education, Punjab",GOVERNMENT_DEPARTMENT,Punjab,State Headquarters,ACTIVE
SYN_DEPT_028,"Department of Social Welfare, Rajasthan",GOVERNMENT_DEPARTMENT,Rajasthan,State Headquarters,ACTIVE
SYN_DEPT_029,"Department of Roads & Buildings, Sikkim",GOVERNMENT_DEPARTMENT,Sikkim,State Headquarters,ACTIVE
SYN_DEPT_030,"Department of Irrigation, Tamil Nadu",GOVERNMENT_DEPARTMENT,Tamil Nadu,State Headquarters,ACTIVE
SYN_GOVAGENCY_001,National Rural Infrastructure Development Agency,GOVERNMENT_AGENCY,Andaman And Nicobar Islands,State Headquarters,ACTIVE
SYN_GOVAGENCY_002,State Rural Roads Development Agency - Assam,GOVERNMENT_AGENCY,Assam,State Headquarters,ACTIVE
SYN_GOVAGENCY_003,District Water & Sanitation Mission - Chhattisgarh,GOVERNMENT_AGENCY,Chhattisgarh,State Headquarters,ACTIVE
SYN_GOVAGENCY_004,State Urban Development Agency,GOVERNMENT_AGENCY,Gujarat,State Headquarters,ACTIVE
SYN_GOVAGENCY_005,National Health Mission Support Agency - Jammu And Kashmir,GOVERNMENT_AGENCY,Jammu And Kashmir,State Headquarters,ACTIVE
SYN_GOVAGENCY_006,State Skill Development Agency - Kerala,GOVERNMENT_AGENCY,Kerala,State Headquarters,ACTIVE
SYN_GOVAGENCY_007,District Rural Development Agency,GOVERNMENT_AGENCY,Madhya Pradesh,State Headquarters,ACTIVE
SYN_GOVAGENCY_008,State Livelihood Mission Agency - Meghalaya,GOVERNMENT_AGENCY,Meghalaya,State Headquarters,ACTIVE
SYN_GOVAGENCY_009,National Rural Infrastructure Development Agency - Odisha,GOVERNMENT_AGENCY,Odisha,State Headquarters,ACTIVE
SYN_GOVAGENCY_010,State Rural Roads Development Agency,GOVERNMENT_AGENCY,Rajasthan,State Headquarters,ACTIVE
SYN_GOVAGENCY_011,District Water & Sanitation Mission - Telangana,GOVERNMENT_AGENCY,Telangana,State Headquarters,ACTIVE
SYN_GOVAGENCY_012,State Urban Development Agency - Uttar Pradesh,GOVERNMENT_AGENCY,Uttar Pradesh,State Headquarters,ACTIVE
SYN_GOVAGENCY_013,National Health Mission Support Agency,GOVERNMENT_AGENCY,Andaman And Nicobar Islands,State Headquarters,ACTIVE
SYN_GOVAGENCY_014,State Skill Development Agency - Assam,GOVERNMENT_AGENCY,Assam,State Headquarters,ACTIVE
SYN_GOVAGENCY_015,District Rural Development Agency - Chhattisgarh,GOVERNMENT_AGENCY,Chhattisgarh,State Headquarters,ACTIVE
SYN_GOVAGENCY_016,State Livelihood Mission Agency,GOVERNMENT_AGENCY,Gujarat,State Headquarters,ACTIVE
SYN_GOVAGENCY_017,National Rural Infrastructure Development Agency - Jammu And Kashmir,GOVERNMENT_AGENCY,Jammu And Kashmir,State Headquarters,ACTIVE
SYN_GOVAGENCY_018,State Rural Roads Development Agency - Kerala,GOVERNMENT_AGENCY,Kerala,State Headquarters,ACTIVE
SYN_GOVAGENCY_019,District Water & Sanitation Mission,GOVERNMENT_AGENCY,Madhya Pradesh,State Headquarters,ACTIVE
SYN_GOVAGENCY_020,State Urban Development Agency - Meghalaya,GOVERNMENT_AGENCY,Meghalaya,State Headquarters,ACTIVE
SYN_GOVAGENCY_021,National Health Mission Support Agency - Odisha,GOVERNMENT_AGENCY,Odisha,State Headquarters,ACTIVE
SYN_GOVAGENCY_022,State Skill Development Agency,GOVERNMENT_AGENCY,Rajasthan,State Headquarters,ACTIVE
SYN_GOVAGENCY_023,District Rural Development Agency - Telangana,GOVERNMENT_AGENCY,Telangana,State Headquarters,ACTIVE
SYN_GOVAGENCY_024,State Livelihood Mission Agency - Uttar Pradesh,GOVERNMENT_AGENCY,Uttar Pradesh,State Headquarters,ACTIVE
SYN_GOVAGENCY_025,National Rural Infrastructure Development Agency,GOVERNMENT_AGENCY,Andaman And Nicobar Islands,State Headquarters,ACTIVE
SYN_GP_001,Firozabad Gram Panchayat 1,GRAM_PANCHAYAT,Uttar Pradesh,Firozabad,ACTIVE
SYN_GP_002,Bhopal Gram Panchayat 2,GRAM_PANCHAYAT,Madhya Pradesh,Bhopal,ACTIVE
SYN_GP_003,Wardha Gram Panchayat 3,GRAM_PANCHAYAT,Maharashtra,Wardha,ACTIVE
SYN_GP_004,Anantapur Gram Panchayat 1,GRAM_PANCHAYAT,Andhra Pradesh,Anantapur,ACTIVE
SYN_GP_005,Shirur Gram Panchayat 2,GRAM_PANCHAYAT,Maharashtra,Shirur,ACTIVE
SYN_GP_006,Bahraich Gram Panchayat 3,GRAM_PANCHAYAT,Uttar Pradesh,Bahraich,ACTIVE
SYN_GP_007,Keonjhar Gram Panchayat 1,GRAM_PANCHAYAT,Odisha,Keonjhar,ACTIVE
SYN_GP_008,Nilgiris Gram Panchayat 2,GRAM_PANCHAYAT,Tamil Nadu,Nilgiris,ACTIVE
SYN_GP_009,Inner Manipur Gram Panchayat 3,GRAM_PANCHAYAT,Manipur,Inner Manipur,ACTIVE
SYN_GP_010,Aska Gram Panchayat 1,GRAM_PANCHAYAT,Odisha,Aska,ACTIVE
SYN_GP_011,Pathanamthitta Gram Panchayat 2,GRAM_PANCHAYAT,Kerala,Pathanamthitta,ACTIVE
SYN_GP_012,Vizianagaram Gram Panchayat 3,GRAM_PANCHAYAT,Andhra Pradesh,Vizianagaram,ACTIVE
SYN_GP_013,Nizamabad Gram Panchayat 1,GRAM_PANCHAYAT,Telangana,Nizamabad,ACTIVE
SYN_GP_014,Mumbai South Gram Panchayat 2,GRAM_PANCHAYAT,Maharashtra,Mumbai South,ACTIVE
SYN_GP_015,Hyderabad Gram Panchayat 3,GRAM_PANCHAYAT,Telangana,Hyderabad,ACTIVE
SYN_GP_016,Jabalpur Gram Panchayat 1,GRAM_PANCHAYAT,Madhya Pradesh,Jabalpur,ACTIVE
SYN_GP_017,Misrikh Gram Panchayat 2,GRAM_PANCHAYAT,Uttar Pradesh,Misrikh,ACTIVE
SYN_GP_018,Faizabad Gram Panchayat 3,GRAM_PANCHAYAT,Uttar Pradesh,Faizabad,ACTIVE
SYN_GP_019,Arambag Gram Panchayat 1,GRAM_PANCHAYAT,West Bengal,Arambag,ACTIVE
SYN_GP_020,Amravati Gram Panchayat 2,GRAM_PANCHAYAT,Maharashtra,Amravati,ACTIVE
SYN_GP_021,Bhiwandi Gram Panchayat 3,GRAM_PANCHAYAT,Maharashtra,Bhiwandi,ACTIVE
SYN_GP_022,Patan Gram Panchayat 1,GRAM_PANCHAYAT,Gujarat,Patan,ACTIVE
SYN_GP_023,Shirdi Gram Panchayat 2,GRAM_PANCHAYAT,Maharashtra,Shirdi,ACTIVE
SYN_GP_024,Bulandshahr Gram Panchayat 3,GRAM_PANCHAYAT,Uttar Pradesh,Bulandshahr,ACTIVE
SYN_GP_025,Jagatsinghpur Gram Panchayat 1,GRAM_PANCHAYAT,Odisha,Jagatsinghpur,ACTIVE
SYN_GP_026,Jamshedpur Gram Panchayat 2,GRAM_PANCHAYAT,Jharkhand,Jamshedpur,ACTIVE
SYN_GP_027,Guwahati Gram Panchayat 3,GRAM_PANCHAYAT,Assam,Guwahati,ACTIVE
SYN_GP_028,Jhunjhunu Gram Panchayat 1,GRAM_PANCHAYAT,Rajasthan,Jhunjhunu,ACTIVE
SYN_GP_029,Chhindwara Gram Panchayat 2,GRAM_PANCHAYAT,Madhya Pradesh,Chhindwara,ACTIVE
SYN_GP_030,Navsari Gram Panchayat 3,GRAM_PANCHAYAT,Gujarat,Navsari,ACTIVE
SYN_GP_031,South Goa Gram Panchayat 1,GRAM_PANCHAYAT,Goa,South Goa,ACTIVE
SYN_GP_032,Bhongir Gram Panchayat 2,GRAM_PANCHAYAT,Telangana,Bhongir,ACTIVE
SYN_GP_033,Jalandhar Gram Panchayat 3,GRAM_PANCHAYAT,Punjab,Jalandhar,ACTIVE
SYN_GP_034,Hoshangabad Gram Panchayat 1,GRAM_PANCHAYAT,Madhya Pradesh,Hoshangabad,ACTIVE
SYN_GP_035,Akbarpur Gram Panchayat 2,GRAM_PANCHAYAT,Uttar Pradesh,Akbarpur,ACTIVE
SYN_GP_036,Etah Gram Panchayat 3,GRAM_PANCHAYAT,Uttar Pradesh,Etah,ACTIVE
SYN_GP_037,Kheda Gram Panchayat 1,GRAM_PANCHAYAT,Gujarat,Kheda,ACTIVE
SYN_GP_038,Azamgarh Gram Panchayat 2,GRAM_PANCHAYAT,Uttar Pradesh,Azamgarh,ACTIVE
SYN_GP_039,Guntur Gram Panchayat 3,GRAM_PANCHAYAT,Andhra Pradesh,Guntur,ACTIVE
SYN_GP_040,Jalpaiguri Gram Panchayat 1,GRAM_PANCHAYAT,West Bengal,Jalpaiguri,ACTIVE
SYN_GP_041,Ponnani Gram Panchayat 2,GRAM_PANCHAYAT,Kerala,Ponnani,ACTIVE
SYN_GP_042,Berhampur Gram Panchayat 3,GRAM_PANCHAYAT,Odisha,Berhampur,ACTIVE
SYN_GP_043,Chikballapur Gram Panchayat 1,GRAM_PANCHAYAT,Karnataka,Chikballapur,ACTIVE
SYN_GP_044,Nagarkurnool Gram Panchayat 2,GRAM_PANCHAYAT,Telangana,Nagarkurnool,ACTIVE
SYN_GP_045,Bellary Gram Panchayat 3,GRAM_PANCHAYAT,Karnataka,Bellary,ACTIVE
SYN_GP_046,Malkajgiri Gram Panchayat 1,GRAM_PANCHAYAT,Telangana,Malkajgiri,ACTIVE
SYN_GP_047,Jodhpur Gram Panchayat 2,GRAM_PANCHAYAT,Rajasthan,Jodhpur,ACTIVE
SYN_GP_048,Jorhat Gram Panchayat 3,GRAM_PANCHAYAT,Assam,Jorhat,ACTIVE
SYN_GP_049,Adilabad Gram Panchayat 1,GRAM_PANCHAYAT,Telangana,Adilabad,ACTIVE
SYN_GP_050,Araku Gram Panchayat 2,GRAM_PANCHAYAT,Andhra Pradesh,Araku,ACTIVE
SYN_GP_051,Mandya Gram Panchayat 3,GRAM_PANCHAYAT,Karnataka,Mandya,ACTIVE
SYN_GP_052,Ahmedabad East Gram Panchayat 1,GRAM_PANCHAYAT,Gujarat,Ahmedabad East,ACTIVE
SYN_GP_053,Kairana Gram Panchayat 2,GRAM_PANCHAYAT,Uttar Pradesh,Kairana,ACTIVE
SYN_GP_054,Coochbehar Gram Panchayat 3,GRAM_PANCHAYAT,West Bengal,Coochbehar,ACTIVE
SYN_GP_055,Belgaum Gram Panchayat 1,GRAM_PANCHAYAT,Karnataka,Belgaum,ACTIVE
SYN_GP_056,Domariyaganj Gram Panchayat 2,GRAM_PANCHAYAT,Uttar Pradesh,Domariyaganj,ACTIVE
SYN_GP_057,Kokrajhar Gram Panchayat 3,GRAM_PANCHAYAT,Assam,Kokrajhar,ACTIVE
SYN_GP_058,Korba Gram Panchayat 1,GRAM_PANCHAYAT,Chhattisgarh,Korba,ACTIVE
SYN_GP_059,Erode Gram Panchayat 2,GRAM_PANCHAYAT,Tamil Nadu,Erode,ACTIVE
SYN_GP_060,Alathur Gram Panchayat 3,GRAM_PANCHAYAT,Kerala,Alathur,ACTIVE
SYN_GP_061,Barasat Gram Panchayat 1,GRAM_PANCHAYAT,West Bengal,Barasat,ACTIVE
SYN_GP_062,Chennai North Gram Panchayat 2,GRAM_PANCHAYAT,Tamil Nadu,Chennai North,ACTIVE
SYN_GP_063,Khunti Gram Panchayat 3,GRAM_PANCHAYAT,Jharkhand,Khunti,ACTIVE
SYN_GP_064,Janjgir Champa Gram Panchayat 1,GRAM_PANCHAYAT,Chhattisgarh,Janjgir Champa,ACTIVE
SYN_GP_065,Mandi Gram Panchayat 2,GRAM_PANCHAYAT,Himachal Pradesh,Mandi,ACTIVE
SYN_MC_001,Aurangabad Municipal Corporation,MUNICIPAL_CORPORATION,Bihar,Aurangabad,ACTIVE
SYN_MC_002,Badaun Municipal Corporation,MUNICIPAL_CORPORATION,Uttar Pradesh,Badaun,ACTIVE
SYN_MC_003,Ghazipur Municipal Corporation,MUNICIPAL_CORPORATION,Uttar Pradesh,Ghazipur,ACTIVE
SYN_MC_004,Nainital Udham Singh Nag. Municipal Corporation,MUNICIPAL_CORPORATION,Uttarakhand,Nainital Udham Singh Nag.,ACTIVE
SYN_MC_005,Hamirpur Municipal Corporation,MUNICIPAL_CORPORATION,Uttar Pradesh,Hamirpur,ACTIVE
SYN_MC_006,Gopalganj Municipal Corporation,MUNICIPAL_CORPORATION,Bihar,Gopalganj,ACTIVE
SYN_MC_007,Bhopal Municipal Corporation,MUNICIPAL_CORPORATION,Madhya Pradesh,Bhopal,ACTIVE
SYN_MC_008,Diphu Municipal Corporation,MUNICIPAL_CORPORATION,Assam,Diphu,ACTIVE
SYN_MC_009,Anantapur Municipal Corporation,MUNICIPAL_CORPORATION,Andhra Pradesh,Anantapur,ACTIVE
SYN_MC_010,Bahraich Municipal Corporation,MUNICIPAL_CORPORATION,Uttar Pradesh,Bahraich,ACTIVE
SYN_MC_011,Keonjhar Municipal Corporation,MUNICIPAL_CORPORATION,Odisha,Keonjhar,ACTIVE
SYN_MC_012,Nilgiris Municipal Corporation,MUNICIPAL_CORPORATION,Tamil Nadu,Nilgiris,ACTIVE
SYN_MC_013,Mumbai South Central Municipal Corporation,MUNICIPAL_CORPORATION,Maharashtra,Mumbai South Central,ACTIVE
SYN_MC_014,Ratlam Municipal Corporation,MUNICIPAL_CORPORATION,Madhya Pradesh,Ratlam,ACTIVE
SYN_MC_015,Aska Municipal Corporation,MUNICIPAL_CORPORATION,Odisha,Aska,ACTIVE
SYN_MC_016,Pathanamthitta Municipal Corporation,MUNICIPAL_CORPORATION,Kerala,Pathanamthitta,ACTIVE
SYN_MC_017,Hamirpur Municipal Corporation,MUNICIPAL_CORPORATION,Himachal Pradesh,Hamirpur,ACTIVE
SYN_MC_018,Mahabubnagar Municipal Corporation,MUNICIPAL_CORPORATION,Telangana,Mahabubnagar,ACTIVE
SYN_MC_019,Nizamabad Municipal Corporation,MUNICIPAL_CORPORATION,Telangana,Nizamabad,ACTIVE
SYN_MC_020,Mumbai South Municipal Corporation,MUNICIPAL_CORPORATION,Maharashtra,Mumbai South,ACTIVE
SYN_MC_021,Hyderabad Municipal Corporation,MUNICIPAL_CORPORATION,Telangana,Hyderabad,ACTIVE
SYN_MC_022,Jabalpur Municipal Corporation,MUNICIPAL_CORPORATION,Madhya Pradesh,Jabalpur,ACTIVE
SYN_MC_023,Misrikh Municipal Corporation,MUNICIPAL_CORPORATION,Uttar Pradesh,Misrikh,ACTIVE
SYN_MC_024,Faizabad Municipal Corporation,MUNICIPAL_CORPORATION,Uttar Pradesh,Faizabad,ACTIVE
SYN_MC_025,Bardhaman-Durgapur Municipal Corporation,MUNICIPAL_CORPORATION,West Bengal,Bardhaman-Durgapur,ACTIVE
SYN_MC_026,Jaunpur Municipal Corporation,MUNICIPAL_CORPORATION,Uttar Pradesh,Jaunpur,ACTIVE
SYN_MC_027,Kendrapara Municipal Corporation,MUNICIPAL_CORPORATION,Odisha,Kendrapara,ACTIVE
SYN_MC_028,Machilipatnam Municipal Corporation,MUNICIPAL_CORPORATION,Andhra Pradesh,Machilipatnam,ACTIVE
SYN_MC_029,New Delhi Municipal Corporation,MUNICIPAL_CORPORATION,Delhi,New Delhi,ACTIVE
SYN_MC_030,Haveri Municipal Corporation,MUNICIPAL_CORPORATION,Karnataka,Haveri,ACTIVE
SYN_MUNI_001,Hingoli Municipality,MUNICIPALITY,Maharashtra,Hingoli,ACTIVE
SYN_MUNI_002,Baramullah Municipality,MUNICIPALITY,Jammu And Kashmir,Baramullah,ACTIVE
SYN_MUNI_003,Aurangabad Municipality,MUNICIPALITY,Bihar,Aurangabad,ACTIVE
SYN_MUNI_004,Tamluk Municipality,MUNICIPALITY,West Bengal,Tamluk,ACTIVE
SYN_MUNI_005,Attingal Municipality,MUNICIPALITY,Kerala,Attingal,ACTIVE
SYN_MUNI_006,Idukki Municipality,MUNICIPALITY,Kerala,Idukki,ACTIVE
SYN_MUNI_007,Kottayam Municipality,MUNICIPALITY,Kerala,Kottayam,ACTIVE
SYN_MUNI_008,Nainital Udham Singh Nag. Municipality,MUNICIPALITY,Uttarakhand,Nainital Udham Singh Nag.,ACTIVE
SYN_MUNI_009,Hamirpur Municipality,MUNICIPALITY,Uttar Pradesh,Hamirpur,ACTIVE
SYN_MUNI_010,Kannauj Municipality,MUNICIPALITY,Uttar Pradesh,Kannauj,ACTIVE
SYN_MUNI_011,Gopalganj Municipality,MUNICIPALITY,Bihar,Gopalganj,ACTIVE
SYN_MUNI_012,Bhopal Municipality,MUNICIPALITY,Madhya Pradesh,Bhopal,ACTIVE
SYN_MUNI_013,Sikar Municipality,MUNICIPALITY,Rajasthan,Sikar,ACTIVE
SYN_MUNI_014,Ludhiana Municipality,MUNICIPALITY,Punjab,Ludhiana,ACTIVE
SYN_MUNI_015,Keonjhar Municipality,MUNICIPALITY,Odisha,Keonjhar,ACTIVE
SYN_MUNI_016,Shillong Municipality,MUNICIPALITY,Meghalaya,Shillong,ACTIVE
SYN_MUNI_017,Inner Manipur Municipality,MUNICIPALITY,Manipur,Inner Manipur,ACTIVE
SYN_MUNI_018,Garhwal Municipality,MUNICIPALITY,Uttarakhand,Garhwal,ACTIVE
SYN_MUNI_019,Kodarma Municipality,MUNICIPALITY,Jharkhand,Kodarma,ACTIVE
SYN_MUNI_020,Pathanamthitta Municipality,MUNICIPALITY,Kerala,Pathanamthitta,ACTIVE
SYN_MUNI_021,Akola Municipality,MUNICIPALITY,Maharashtra,Akola,ACTIVE
SYN_MUNI_022,Jhansi Municipality,MUNICIPALITY,Uttar Pradesh,Jhansi,ACTIVE
SYN_MUNI_023,Mumbai South Municipality,MUNICIPALITY,Maharashtra,Mumbai South,ACTIVE
SYN_MUNI_024,Madhubani Municipality,MUNICIPALITY,Bihar,Madhubani,ACTIVE
SYN_MUNI_025,Hindupur Municipality,MUNICIPALITY,Andhra Pradesh,Hindupur,ACTIVE
SYN_MUNI_026,Arambag Municipality,MUNICIPALITY,West Bengal,Arambag,ACTIVE
SYN_MUNI_027,Kendrapara Municipality,MUNICIPALITY,Odisha,Kendrapara,ACTIVE
SYN_MUNI_028,Machilipatnam Municipality,MUNICIPALITY,Andhra Pradesh,Machilipatnam,ACTIVE
SYN_MUNI_029,Mahabubabad Municipality,MUNICIPALITY,Telangana,Mahabubabad,ACTIVE
SYN_MUNI_030,Amravati Municipality,MUNICIPALITY,Maharashtra,Amravati,ACTIVE
SYN_PRI_001,Andaman And Nicobar Islands State Panchayati Raj Institution,PANCHAYATI_RAJ_INSTITUTION,Andaman And Nicobar Islands,State Headquarters,ACTIVE
SYN_PRI_002,Andhra Pradesh State Panchayati Raj Institution,PANCHAYATI_RAJ_INSTITUTION,Andhra Pradesh,State Headquarters,ACTIVE
SYN_PRI_003,Arunachal Pradesh State Panchayati Raj Institution,PANCHAYATI_RAJ_INSTITUTION,Arunachal Pradesh,State Headquarters,ACTIVE
SYN_PRI_004,Assam State Panchayati Raj Institution,PANCHAYATI_RAJ_INSTITUTION,Assam,State Headquarters,ACTIVE
SYN_PRI_005,Bihar State Panchayati Raj Institution,PANCHAYATI_RAJ_INSTITUTION,Bihar,State Headquarters,ACTIVE
SYN_PRI_006,Chandigarh State Panchayati Raj Institution,PANCHAYATI_RAJ_INSTITUTION,Chandigarh,State Headquarters,ACTIVE
SYN_PRI_007,Chhattisgarh State Panchayati Raj Institution,PANCHAYATI_RAJ_INSTITUTION,Chhattisgarh,State Headquarters,ACTIVE
SYN_PRI_008,Delhi State Panchayati Raj Institution,PANCHAYATI_RAJ_INSTITUTION,Delhi,State Headquarters,ACTIVE
SYN_PRI_009,Goa State Panchayati Raj Institution,PANCHAYATI_RAJ_INSTITUTION,Goa,State Headquarters,ACTIVE
SYN_PRI_010,Gujarat State Panchayati Raj Institution,PANCHAYATI_RAJ_INSTITUTION,Gujarat,State Headquarters,ACTIVE
SYN_PRI_011,Haryana State Panchayati Raj Institution,PANCHAYATI_RAJ_INSTITUTION,Haryana,State Headquarters,ACTIVE
SYN_PRI_012,Himachal Pradesh State Panchayati Raj Institution,PANCHAYATI_RAJ_INSTITUTION,Himachal Pradesh,State Headquarters,ACTIVE
SYN_PRI_013,Jammu And Kashmir State Panchayati Raj Institution,PANCHAYATI_RAJ_INSTITUTION,Jammu And Kashmir,State Headquarters,ACTIVE
SYN_PRI_014,Jharkhand State Panchayati Raj Institution,PANCHAYATI_RAJ_INSTITUTION,Jharkhand,State Headquarters,ACTIVE
SYN_PRI_015,Karnataka State Panchayati Raj Institution,PANCHAYATI_RAJ_INSTITUTION,Karnataka,State Headquarters,ACTIVE
SYN_PRI_016,Kerala State Panchayati Raj Institution,PANCHAYATI_RAJ_INSTITUTION,Kerala,State Headquarters,ACTIVE
SYN_PRI_017,Ladakh State Panchayati Raj Institution,PANCHAYATI_RAJ_INSTITUTION,Ladakh,State Headquarters,ACTIVE
SYN_PRI_018,Lakshadweep State Panchayati Raj Institution,PANCHAYATI_RAJ_INSTITUTION,Lakshadweep,State Headquarters,ACTIVE
SYN_PRI_019,Madhya Pradesh State Panchayati Raj Institution,PANCHAYATI_RAJ_INSTITUTION,Madhya Pradesh,State Headquarters,ACTIVE
SYN_PRI_020,Maharashtra State Panchayati Raj Institution,PANCHAYATI_RAJ_INSTITUTION,Maharashtra,State Headquarters,ACTIVE
SYN_PRI_021,Manipur State Panchayati Raj Institution,PANCHAYATI_RAJ_INSTITUTION,Manipur,State Headquarters,ACTIVE
SYN_PRI_022,Meghalaya State Panchayati Raj Institution,PANCHAYATI_RAJ_INSTITUTION,Meghalaya,State Headquarters,ACTIVE
SYN_PRI_023,Mizoram State Panchayati Raj Institution,PANCHAYATI_RAJ_INSTITUTION,Mizoram,State Headquarters,ACTIVE
SYN_PRI_024,Nagaland State Panchayati Raj Institution,PANCHAYATI_RAJ_INSTITUTION,Nagaland,State Headquarters,ACTIVE
SYN_PRI_025,Odisha State Panchayati Raj Institution,PANCHAYATI_RAJ_INSTITUTION,Odisha,State Headquarters,ACTIVE
SYN_PRI_026,Puducherry State Panchayati Raj Institution,PANCHAYATI_RAJ_INSTITUTION,Puducherry,State Headquarters,ACTIVE
SYN_PRI_027,Punjab State Panchayati Raj Institution,PANCHAYATI_RAJ_INSTITUTION,Punjab,State Headquarters,ACTIVE
SYN_PRI_028,Rajasthan State Panchayati Raj Institution,PANCHAYATI_RAJ_INSTITUTION,Rajasthan,State Headquarters,ACTIVE
SYN_PRI_029,Sikkim State Panchayati Raj Institution,PANCHAYATI_RAJ_INSTITUTION,Sikkim,State Headquarters,ACTIVE
SYN_PRI_030,Tamil Nadu State Panchayati Raj Institution,PANCHAYATI_RAJ_INSTITUTION,Tamil Nadu,State Headquarters,ACTIVE
SYN_PRI_031,Telangana State Panchayati Raj Institution,PANCHAYATI_RAJ_INSTITUTION,Telangana,State Headquarters,ACTIVE
SYN_PRI_032,The Dadra And Nagar Haveli And Daman And Diu State Panchayati Raj Institution,PANCHAYATI_RAJ_INSTITUTION,The Dadra And Nagar Haveli And Daman And Diu,State Headquarters,ACTIVE
SYN_PRI_033,Tripura State Panchayati Raj Institution,PANCHAYATI_RAJ_INSTITUTION,Tripura,State Headquarters,ACTIVE
SYN_PRI_034,Uttar Pradesh State Panchayati Raj Institution,PANCHAYATI_RAJ_INSTITUTION,Uttar Pradesh,State Headquarters,ACTIVE
SYN_PRI_035,Uttarakhand State Panchayati Raj Institution,PANCHAYATI_RAJ_INSTITUTION,Uttarakhand,State Headquarters,ACTIVE
SYN_PRI_036,West Bengal State Panchayati Raj Institution,PANCHAYATI_RAJ_INSTITUTION,West Bengal,State Headquarters,ACTIVE
SYN_PS_001,Himachal Pradesh Panchayat Samiti,PANCHAYAT_SAMITI,Himachal Pradesh,Himachal Pradesh,ACTIVE
SYN_PS_002,Uttarakhand Panchayat Samiti,PANCHAYAT_SAMITI,Uttarakhand,Uttarakhand,ACTIVE
SYN_PS_003,Mizoram Panchayat Samiti,PANCHAYAT_SAMITI,Mizoram,Mizoram,ACTIVE
SYN_PS_004,Chandigarh Panchayat Samiti,PANCHAYAT_SAMITI,Chandigarh,Chandigarh,ACTIVE
SYN_PS_005,Nagaland Panchayat Samiti,PANCHAYAT_SAMITI,Nagaland,Nagaland,ACTIVE
SYN_PS_006,Nanded Panchayat Samiti,PANCHAYAT_SAMITI,Maharashtra,Nanded,ACTIVE
SYN_PS_007,Sikkim Panchayat Samiti,PANCHAYAT_SAMITI,Sikkim,Sikkim,ACTIVE
SYN_PS_008,Puducherry Panchayat Samiti,PANCHAYAT_SAMITI,Puducherry,Puducherry,ACTIVE
SYN_PS_009,Baramullah Panchayat Samiti,PANCHAYAT_SAMITI,Jammu And Kashmir,Baramullah,ACTIVE
SYN_PS_010,Murshidabad Panchayat Samiti,PANCHAYAT_SAMITI,West Bengal,Murshidabad,ACTIVE
SYN_PS_011,Kanthi Panchayat Samiti,PANCHAYAT_SAMITI,West Bengal,Kanthi,ACTIVE
SYN_PS_012,Attingal Panchayat Samiti,PANCHAYAT_SAMITI,Kerala,Attingal,ACTIVE
SYN_PS_013,Nandurbar Panchayat Samiti,PANCHAYAT_SAMITI,Maharashtra,Nandurbar,ACTIVE
SYN_PS_014,Hamirpur Panchayat Samiti,PANCHAYAT_SAMITI,Uttar Pradesh,Hamirpur,ACTIVE
SYN_PS_015,Kannauj Panchayat Samiti,PANCHAYAT_SAMITI,Uttar Pradesh,Kannauj,ACTIVE
SYN_PS_016,Firozabad Panchayat Samiti,PANCHAYAT_SAMITI,Uttar Pradesh,Firozabad,ACTIVE
SYN_PS_017,Bhopal Panchayat Samiti,PANCHAYAT_SAMITI,Madhya Pradesh,Bhopal,ACTIVE
SYN_PS_018,Wardha Panchayat Samiti,PANCHAYAT_SAMITI,Maharashtra,Wardha,ACTIVE
SYN_PS_019,Anantapur Panchayat Samiti,PANCHAYAT_SAMITI,Andhra Pradesh,Anantapur,ACTIVE
SYN_PS_020,Shirur Panchayat Samiti,PANCHAYAT_SAMITI,Maharashtra,Shirur,ACTIVE
SYN_PS_021,Bahraich Panchayat Samiti,PANCHAYAT_SAMITI,Uttar Pradesh,Bahraich,ACTIVE
SYN_PS_022,Keonjhar Panchayat Samiti,PANCHAYAT_SAMITI,Odisha,Keonjhar,ACTIVE
SYN_PS_023,Nilgiris Panchayat Samiti,PANCHAYAT_SAMITI,Tamil Nadu,Nilgiris,ACTIVE
SYN_PS_024,Inner Manipur Panchayat Samiti,PANCHAYAT_SAMITI,Manipur,Inner Manipur,ACTIVE
SYN_PS_025,Aska Panchayat Samiti,PANCHAYAT_SAMITI,Odisha,Aska,ACTIVE
SYN_PS_026,Pathanamthitta Panchayat Samiti,PANCHAYAT_SAMITI,Kerala,Pathanamthitta,ACTIVE
SYN_PS_027,Vizianagaram Panchayat Samiti,PANCHAYAT_SAMITI,Andhra Pradesh,Vizianagaram,ACTIVE
SYN_PS_028,Nizamabad Panchayat Samiti,PANCHAYAT_SAMITI,Telangana,Nizamabad,ACTIVE
SYN_PS_029,Mumbai South Panchayat Samiti,PANCHAYAT_SAMITI,Maharashtra,Mumbai South,ACTIVE
SYN_PS_030,Hyderabad Panchayat Samiti,PANCHAYAT_SAMITI,Telangana,Hyderabad,ACTIVE
SYN_PS_031,Jabalpur Panchayat Samiti,PANCHAYAT_SAMITI,Madhya Pradesh,Jabalpur,ACTIVE
SYN_PS_032,Misrikh Panchayat Samiti,PANCHAYAT_SAMITI,Uttar Pradesh,Misrikh,ACTIVE
SYN_PS_033,Faizabad Panchayat Samiti,PANCHAYAT_SAMITI,Uttar Pradesh,Faizabad,ACTIVE
SYN_PS_034,Arambag Panchayat Samiti,PANCHAYAT_SAMITI,West Bengal,Arambag,ACTIVE
SYN_PS_035,Amravati Panchayat Samiti,PANCHAYAT_SAMITI,Maharashtra,Amravati,ACTIVE
SYN_PS_036,Bhiwandi Panchayat Samiti,PANCHAYAT_SAMITI,Maharashtra,Bhiwandi,ACTIVE
SYN_PS_037,Patan Panchayat Samiti,PANCHAYAT_SAMITI,Gujarat,Patan,ACTIVE
SYN_PS_038,Shirdi Panchayat Samiti,PANCHAYAT_SAMITI,Maharashtra,Shirdi,ACTIVE
SYN_PS_039,Bulandshahr Panchayat Samiti,PANCHAYAT_SAMITI,Uttar Pradesh,Bulandshahr,ACTIVE
SYN_PS_040,Jagatsinghpur Panchayat Samiti,PANCHAYAT_SAMITI,Odisha,Jagatsinghpur,ACTIVE
SYN_PS_041,Jamshedpur Panchayat Samiti,PANCHAYAT_SAMITI,Jharkhand,Jamshedpur,ACTIVE
SYN_PS_042,Guwahati Panchayat Samiti,PANCHAYAT_SAMITI,Assam,Guwahati,ACTIVE
SYN_PS_043,Jhunjhunu Panchayat Samiti,PANCHAYAT_SAMITI,Rajasthan,Jhunjhunu,ACTIVE
SYN_PS_044,Chhindwara Panchayat Samiti,PANCHAYAT_SAMITI,Madhya Pradesh,Chhindwara,ACTIVE
SYN_PS_045,Navsari Panchayat Samiti,PANCHAYAT_SAMITI,Gujarat,Navsari,ACTIVE
SYN_PS_046,South Goa Panchayat Samiti,PANCHAYAT_SAMITI,Goa,South Goa,ACTIVE
SYN_PS_047,Bhongir Panchayat Samiti,PANCHAYAT_SAMITI,Telangana,Bhongir,ACTIVE
SYN_PS_048,Jalandhar Panchayat Samiti,PANCHAYAT_SAMITI,Punjab,Jalandhar,ACTIVE
SYN_PS_049,Hoshangabad Panchayat Samiti,PANCHAYAT_SAMITI,Madhya Pradesh,Hoshangabad,ACTIVE
SYN_PS_050,Akbarpur Panchayat Samiti,PANCHAYAT_SAMITI,Uttar Pradesh,Akbarpur,ACTIVE
SYN_PS_051,Etah Panchayat Samiti,PANCHAYAT_SAMITI,Uttar Pradesh,Etah,ACTIVE
SYN_PS_052,Kheda Panchayat Samiti,PANCHAYAT_SAMITI,Gujarat,Kheda,ACTIVE
SYN_PS_053,Azamgarh Panchayat Samiti,PANCHAYAT_SAMITI,Uttar Pradesh,Azamgarh,ACTIVE
SYN_PS_054,Guntur Panchayat Samiti,PANCHAYAT_SAMITI,Andhra Pradesh,Guntur,ACTIVE
SYN_PS_055,Jalpaiguri Panchayat Samiti,PANCHAYAT_SAMITI,West Bengal,Jalpaiguri,ACTIVE
SYN_SUPPLIER_001,National Materials Suppliers,SUPPLIER,Bihar,Bihar,ACTIVE
SYN_SUPPLIER_002,Regional Materials Suppliers,SUPPLIER,Gujarat,Gujarat,ACTIVE
SYN_SUPPLIER_003,Prime Materials Suppliers,SUPPLIER,Haryana,Haryana,ACTIVE
SYN_SUPPLIER_004,Apex Materials Suppliers,SUPPLIER,Nagaland,Nagaland,ACTIVE
SYN_SUPPLIER_005,Metro Materials Suppliers,SUPPLIER,Kerala,Attingal,ACTIVE
SYN_SUPPLIER_006,Central Materials Suppliers,SUPPLIER,Andhra Pradesh,Anantapur,ACTIVE
SYN_SUPPLIER_007,Unity Materials Suppliers,SUPPLIER,Kerala,Pathanamthitta,ACTIVE
SYN_SUPPLIER_008,Progressive Materials Suppliers,SUPPLIER,Uttar Pradesh,Faizabad,ACTIVE
SYN_SUPPLIER_009,Reliable Materials Suppliers,SUPPLIER,Odisha,Jagatsinghpur,ACTIVE
SYN_SUPPLIER_010,Standard Materials Suppliers,SUPPLIER,Telangana,Bhongir,ACTIVE
SYN_SUPPLIER_011,Universal Materials Suppliers,SUPPLIER,Andhra Pradesh,Guntur,ACTIVE
SYN_SUPPLIER_012,Continental Materials Suppliers,SUPPLIER,Telangana,Malkajgiri,ACTIVE
SYN_SUPPLIER_013,Horizon Materials Suppliers,SUPPLIER,Uttar Pradesh,Kairana,ACTIVE
SYN_SUPPLIER_014,Milestone Materials Suppliers,SUPPLIER,Kerala,Alathur,ACTIVE
SYN_SUPPLIER_015,Cornerstone Materials Suppliers,SUPPLIER,Bihar,Nalanda,ACTIVE
SYN_SUPPLIER_016,Ganga Materials Suppliers,SUPPLIER,Uttar Pradesh,Ambedkar Nagar,ACTIVE
SYN_SUPPLIER_017,Yamuna Materials Suppliers,SUPPLIER,Rajasthan,Udaipur,ACTIVE
SYN_SUPPLIER_018,Saraswati Materials Suppliers,SUPPLIER,Haryana,Kurukshetra,ACTIVE
SYN_SUPPLIER_019,Meridian Materials Suppliers,SUPPLIER,Maharashtra,Buldhana,ACTIVE
SYN_SUPPLIER_020,Sunrise Materials Suppliers,SUPPLIER,Madhya Pradesh,Damoh,ACTIVE
SYN_SUPPLIER_021,National Materials Suppliers,SUPPLIER,Odisha,Dhenkanal,ACTIVE
SYN_SUPPLIER_022,Regional Materials Suppliers,SUPPLIER,Maharashtra,Yavatmal-Washim,ACTIVE
SYN_SUPPLIER_023,Prime Materials Suppliers,SUPPLIER,Madhya Pradesh,Indore,ACTIVE
SYN_SUPPLIER_024,Apex Materials Suppliers,SUPPLIER,Kerala,Ernakulam,ACTIVE
SYN_SUPPLIER_025,Metro Materials Suppliers,SUPPLIER,Assam,Dibrugarh,ACTIVE
SYN_SUPPLIER_026,Central Materials Suppliers,SUPPLIER,Uttar Pradesh,Mainpuri,ACTIVE
SYN_SUPPLIER_027,Unity Materials Suppliers,SUPPLIER,Bihar,Vaishali,ACTIVE
SYN_SUPPLIER_028,Progressive Materials Suppliers,SUPPLIER,Telangana,Zahirabad,ACTIVE
SYN_SUPPLIER_029,Reliable Materials Suppliers,SUPPLIER,Kerala,Palakkad,ACTIVE
SYN_SUPPLIER_030,Standard Materials Suppliers,SUPPLIER,Uttar Pradesh,Sambhal,ACTIVE
SYN_SUPPLIER_031,Universal Materials Suppliers,SUPPLIER,Bihar,Gopalganj,ACTIVE
SYN_SUPPLIER_032,Continental Materials Suppliers,SUPPLIER,Maharashtra,Akola,ACTIVE
SYN_SUPPLIER_033,Horizon Materials Suppliers,SUPPLIER,West Bengal,Bardhaman-Durgapur,ACTIVE
SYN_SUPPLIER_034,Milestone Materials Suppliers,SUPPLIER,West Bengal,Mathurapur,ACTIVE
SYN_SUPPLIER_035,Cornerstone Materials Suppliers,SUPPLIER,Chhattisgarh,Raipur,ACTIVE
SYN_SUPPLIER_036,Ganga Materials Suppliers,SUPPLIER,Uttar Pradesh,Robertsganj,ACTIVE
SYN_SUPPLIER_037,Yamuna Materials Suppliers,SUPPLIER,Assam,Darrang-Udalguri,ACTIVE
SYN_SUPPLIER_038,Saraswati Materials Suppliers,SUPPLIER,Maharashtra,Palghar,ACTIVE
SYN_SUPPLIER_039,Meridian Materials Suppliers,SUPPLIER,Tamil Nadu,Coimbatore,ACTIVE
SYN_SUPPLIER_040,Sunrise Materials Suppliers,SUPPLIER,Gujarat,Mahesana,ACTIVE
SYN_SUPPLIER_041,National Materials Suppliers,SUPPLIER,Uttar Pradesh,Etawah,ACTIVE
SYN_SUPPLIER_042,Regional Materials Suppliers,SUPPLIER,Maharashtra,Jalna,ACTIVE
SYN_SUPPLIER_043,Prime Materials Suppliers,SUPPLIER,Andhra Pradesh,Srikakulam,ACTIVE
SYN_SUPPLIER_044,Apex Materials Suppliers,SUPPLIER,Tamil Nadu,Kallakurichi,ACTIVE
SYN_SUPPLIER_045,Metro Materials Suppliers,SUPPLIER,Gujarat,Anand,ACTIVE
SYN_ULB_001,Hingoli Urban Local Body,URBAN_LOCAL_BODY,Maharashtra,Hingoli,ACTIVE
SYN_ULB_002,Tamluk Urban Local Body,URBAN_LOCAL_BODY,West Bengal,Tamluk,ACTIVE
SYN_ULB_003,Murshidabad Urban Local Body,URBAN_LOCAL_BODY,West Bengal,Murshidabad,ACTIVE
SYN_ULB_004,Srinagar Urban Local Body,URBAN_LOCAL_BODY,Jammu And Kashmir,Srinagar,ACTIVE
SYN_ULB_005,Firozabad Urban Local Body,URBAN_LOCAL_BODY,Uttar Pradesh,Firozabad,ACTIVE
SYN_ULB_006,Outer Manipur Urban Local Body,URBAN_LOCAL_BODY,Manipur,Outer Manipur,ACTIVE
SYN_ULB_007,Gopalganj Urban Local Body,URBAN_LOCAL_BODY,Bihar,Gopalganj,ACTIVE
SYN_ULB_008,Bhopal Urban Local Body,URBAN_LOCAL_BODY,Madhya Pradesh,Bhopal,ACTIVE
SYN_ULB_009,Wardha Urban Local Body,URBAN_LOCAL_BODY,Maharashtra,Wardha,ACTIVE
SYN_ULB_010,Diphu Urban Local Body,URBAN_LOCAL_BODY,Assam,Diphu,ACTIVE
SYN_ULB_011,Sikar Urban Local Body,URBAN_LOCAL_BODY,Rajasthan,Sikar,ACTIVE
SYN_ULB_012,Dhaurahra Urban Local Body,URBAN_LOCAL_BODY,Uttar Pradesh,Dhaurahra,ACTIVE
SYN_ULB_013,Bahraich Urban Local Body,URBAN_LOCAL_BODY,Uttar Pradesh,Bahraich,ACTIVE
SYN_ULB_014,Shillong Urban Local Body,URBAN_LOCAL_BODY,Meghalaya,Shillong,ACTIVE
SYN_ULB_015,Inner Manipur Urban Local Body,URBAN_LOCAL_BODY,Manipur,Inner Manipur,ACTIVE
SYN_ULB_016,Mumbai South Central Urban Local Body,URBAN_LOCAL_BODY,Maharashtra,Mumbai South Central,ACTIVE
SYN_ULB_017,Aska Urban Local Body,URBAN_LOCAL_BODY,Odisha,Aska,ACTIVE
SYN_ULB_018,Kodarma Urban Local Body,URBAN_LOCAL_BODY,Jharkhand,Kodarma,ACTIVE
SYN_ULB_019,Akola Urban Local Body,URBAN_LOCAL_BODY,Maharashtra,Akola,ACTIVE
SYN_ULB_020,Meerut Urban Local Body,URBAN_LOCAL_BODY,Uttar Pradesh,Meerut,ACTIVE
SYN_ULB_021,Bankura Urban Local Body,URBAN_LOCAL_BODY,West Bengal,Bankura,ACTIVE
SYN_ULB_022,Nizamabad Urban Local Body,URBAN_LOCAL_BODY,Telangana,Nizamabad,ACTIVE
SYN_ULB_023,Hyderabad Urban Local Body,URBAN_LOCAL_BODY,Telangana,Hyderabad,ACTIVE
SYN_ULB_024,Misrikh Urban Local Body,URBAN_LOCAL_BODY,Uttar Pradesh,Misrikh,ACTIVE
SYN_ULB_025,Ghaziabad Urban Local Body,URBAN_LOCAL_BODY,Uttar Pradesh,Ghaziabad,ACTIVE
SYN_ULB_026,Jaunpur Urban Local Body,URBAN_LOCAL_BODY,Uttar Pradesh,Jaunpur,ACTIVE
SYN_ULB_027,Kendrapara Urban Local Body,URBAN_LOCAL_BODY,Odisha,Kendrapara,ACTIVE
SYN_ULB_028,Beed Urban Local Body,URBAN_LOCAL_BODY,Maharashtra,Beed,ACTIVE
SYN_ULB_029,Nabarangpur Urban Local Body,URBAN_LOCAL_BODY,Odisha,Nabarangpur,ACTIVE
SYN_ULB_030,Machilipatnam Urban Local Body,URBAN_LOCAL_BODY,Andhra Pradesh,Machilipatnam,ACTIVE
SYN_USERAGENCY_001,Karnataka School Management Committee,USER_AGENCY,Karnataka,Karnataka,ACTIVE
SYN_USERAGENCY_002,Jammu And Kashmir Primary Health Centre Management Committee,USER_AGENCY,Jammu And Kashmir,Jammu And Kashmir,ACTIVE
SYN_USERAGENCY_003,Puducherry Community Hall Users Committee,USER_AGENCY,Puducherry,Puducherry,ACTIVE
SYN_USERAGENCY_004,Anantapur Water User Association,USER_AGENCY,Andhra Pradesh,Anantapur,ACTIVE
SYN_USERAGENCY_005,Hyderabad Sports Facility Management Committee,USER_AGENCY,Telangana,Hyderabad,ACTIVE
SYN_USERAGENCY_006,Jamshedpur School Management Committee,USER_AGENCY,Jharkhand,Jamshedpur,ACTIVE
SYN_USERAGENCY_007,Kheda Primary Health Centre Management Committee,USER_AGENCY,Gujarat,Kheda,ACTIVE
SYN_USERAGENCY_008,Jorhat Community Hall Users Committee,USER_AGENCY,Assam,Jorhat,ACTIVE
SYN_USERAGENCY_009,Erode Water User Association,USER_AGENCY,Tamil Nadu,Erode,ACTIVE
SYN_USERAGENCY_010,Secunderabad Sports Facility Management Committee,USER_AGENCY,Telangana,Secunderabad,ACTIVE
SYN_USERAGENCY_011,Udaipur School Management Committee,USER_AGENCY,Rajasthan,Udaipur,ACTIVE
SYN_USERAGENCY_012,Barrackpur Primary Health Centre Management Committee,USER_AGENCY,West Bengal,Barrackpur,ACTIVE
SYN_USERAGENCY_013,Muzaffarpur Community Hall Users Committee,USER_AGENCY,Bihar,Muzaffarpur,ACTIVE
SYN_USERAGENCY_014,Paschim Champaran Water User Association,USER_AGENCY,Bihar,Paschim Champaran,ACTIVE
SYN_USERAGENCY_015,Diamond Harbour Sports Facility Management Committee,USER_AGENCY,West Bengal,Diamond Harbour,ACTIVE
SYN_USERAGENCY_016,Kasaragod School Management Committee,USER_AGENCY,Kerala,Kasaragod,ACTIVE
SYN_USERAGENCY_017,Jamnagar Primary Health Centre Management Committee,USER_AGENCY,Gujarat,Jamnagar,ACTIVE
SYN_USERAGENCY_018,Zahirabad Community Hall Users Committee,USER_AGENCY,Telangana,Zahirabad,ACTIVE
SYN_USERAGENCY_019,Nawada Water User Association,USER_AGENCY,Bihar,Nawada,ACTIVE
SYN_USERAGENCY_020,Diphu Sports Facility Management Committee,USER_AGENCY,Assam,Diphu,ACTIVE
SYN_USERAGENCY_021,Bolpur School Management Committee,USER_AGENCY,West Bengal,Bolpur,ACTIVE
SYN_USERAGENCY_022,Gwalior Primary Health Centre Management Committee,USER_AGENCY,Madhya Pradesh,Gwalior,ACTIVE
SYN_USERAGENCY_023,Bareilly Community Hall Users Committee,USER_AGENCY,Uttar Pradesh,Bareilly,ACTIVE
SYN_USERAGENCY_024,Kishanganj Water User Association,USER_AGENCY,Bihar,Kishanganj,ACTIVE
SYN_USERAGENCY_025,Coimbatore Sports Facility Management Committee,USER_AGENCY,Tamil Nadu,Coimbatore,ACTIVE
SYN_USERAGENCY_026,Hisar School Management Committee,USER_AGENCY,Haryana,Hisar,ACTIVE
SYN_USERAGENCY_027,Kaziranga Primary Health Centre Management Committee,USER_AGENCY,Assam,Kaziranga,ACTIVE
SYN_USERAGENCY_028,Rajsamand Community Hall Users Committee,USER_AGENCY,Rajasthan,Rajsamand,ACTIVE
SYN_USERAGENCY_029,Farrukhabad Water User Association,USER_AGENCY,Uttar Pradesh,Farrukhabad,ACTIVE
SYN_USERAGENCY_030,Rajkot Sports Facility Management Committee,USER_AGENCY,Gujarat,Rajkot,ACTIVE
SYN_USERAGENCY_031,Raigarh School Management Committee,USER_AGENCY,Chhattisgarh,Raigarh,ACTIVE
SYN_USERAGENCY_032,Jhanjharpur Primary Health Centre Management Committee,USER_AGENCY,Bihar,Jhanjharpur,ACTIVE
SYN_USERAGENCY_033,Shimoga Community Hall Users Committee,USER_AGENCY,Karnataka,Shimoga,ACTIVE
SYN_USERAGENCY_034,Shahdol Water User Association,USER_AGENCY,Madhya Pradesh,Shahdol,ACTIVE
SYN_USERAGENCY_035,Sriperumbudur Sports Facility Management Committee,USER_AGENCY,Tamil Nadu,Sriperumbudur,ACTIVE
SYN_VENDOR_001,Yamuna Enterprises,VENDOR,Maharashtra,Maharashtra,ACTIVE
SYN_VENDOR_002,Saraswati Supplies Co,VENDOR,Uttar Pradesh,Uttar Pradesh,ACTIVE
SYN_VENDOR_003,Meridian Trading Company,VENDOR,Uttar Pradesh,Uttar Pradesh,ACTIVE
SYN_VENDOR_004,Sunrise Suppliers Pvt Ltd,VENDOR,Maharashtra,Maharashtra,ACTIVE
SYN_VENDOR_005,National General Stores,VENDOR,Maharashtra,Maharashtra,ACTIVE
SYN_VENDOR_006,Regional Materials Supply Co,VENDOR,Uttar Pradesh,Uttar Pradesh,ACTIVE
SYN_VENDOR_007,Prime Traders,VENDOR,Uttar Pradesh,Uttar Pradesh,ACTIVE
SYN_VENDOR_008,Apex Enterprises,VENDOR,Uttar Pradesh,Uttar Pradesh,ACTIVE
SYN_VENDOR_009,Metro Supplies Co,VENDOR,West Bengal,West Bengal,ACTIVE
SYN_VENDOR_010,Central Trading Company,VENDOR,Uttar Pradesh,Uttar Pradesh,ACTIVE
SYN_VENDOR_011,Unity Suppliers Pvt Ltd,VENDOR,Punjab,Punjab,ACTIVE
SYN_VENDOR_012,Progressive General Stores,VENDOR,Bihar,Bihar,ACTIVE
SYN_VENDOR_013,Reliable Materials Supply Co,VENDOR,Karnataka,Karnataka,ACTIVE
SYN_VENDOR_014,Standard Traders,VENDOR,Bihar,Bihar,ACTIVE
SYN_VENDOR_015,Universal Enterprises,VENDOR,West Bengal,Barasat,ACTIVE
SYN_VENDOR_016,Continental Supplies Co,VENDOR,Bihar,Bihar,ACTIVE
SYN_VENDOR_017,Horizon Trading Company,VENDOR,Punjab,Amritsar,ACTIVE
SYN_VENDOR_018,Milestone Suppliers Pvt Ltd,VENDOR,Uttar Pradesh,Uttar Pradesh,ACTIVE
SYN_VENDOR_019,Cornerstone General Stores,VENDOR,Uttarakhand,Uttarakhand,ACTIVE
SYN_VENDOR_020,Ganga Materials Supply Co,VENDOR,Maharashtra,Hingoli,ACTIVE
SYN_VENDOR_021,Yamuna Traders,VENDOR,Jammu And Kashmir,Baramullah,ACTIVE
SYN_VENDOR_022,Saraswati Enterprises,VENDOR,Bihar,Aurangabad,ACTIVE
SYN_VENDOR_023,Meridian Supplies Co,VENDOR,West Bengal,Tamluk,ACTIVE
SYN_VENDOR_024,Sunrise Trading Company,VENDOR,Maharashtra,Hingoli,ACTIVE
SYN_VENDOR_025,National Suppliers Pvt Ltd,VENDOR,Uttar Pradesh,Uttar Pradesh,ACTIVE
SYN_VENDOR_026,Regional General Stores,VENDOR,West Bengal,Tamluk,ACTIVE
SYN_VENDOR_027,Prime Materials Supply Co,VENDOR,Madhya Pradesh,Madhya Pradesh,ACTIVE
SYN_VENDOR_028,Apex Traders,VENDOR,Madhya Pradesh,Madhya Pradesh,ACTIVE
SYN_VENDOR_029,Metro Enterprises,VENDOR,Uttar Pradesh,Uttar Pradesh,ACTIVE
SYN_VENDOR_030,Central Supplies Co,VENDOR,Uttar Pradesh,Uttar Pradesh,ACTIVE
SYN_VENDOR_031,Unity Trading Company,VENDOR,Madhya Pradesh,Madhya Pradesh,ACTIVE
SYN_VENDOR_032,Progressive Suppliers Pvt Ltd,VENDOR,Maharashtra,Maharashtra,ACTIVE
SYN_VENDOR_033,Reliable General Stores,VENDOR,Uttar Pradesh,Uttar Pradesh,ACTIVE
SYN_VENDOR_034,Standard Materials Supply Co,VENDOR,Tamil Nadu,Tamil Nadu,ACTIVE
SYN_VENDOR_035,Universal Traders,VENDOR,Tamil Nadu,Tamil Nadu,ACTIVE
SYN_VENDOR_036,Continental Enterprises,VENDOR,Uttar Pradesh,Uttar Pradesh,ACTIVE
SYN_VENDOR_037,Horizon Supplies Co,VENDOR,Uttar Pradesh,Uttar Pradesh,ACTIVE
SYN_VENDOR_038,Milestone Trading Company,VENDOR,Uttar Pradesh,Uttar Pradesh,ACTIVE
SYN_VENDOR_039,Cornerstone Suppliers Pvt Ltd,VENDOR,Bihar,Bihar,ACTIVE
SYN_VENDOR_040,Ganga General Stores,VENDOR,Karnataka,Karnataka,ACTIVE
SYN_VENDOR_041,Yamuna Materials Supply Co,VENDOR,Uttar Pradesh,Uttar Pradesh,ACTIVE
SYN_VENDOR_042,Saraswati Traders,VENDOR,Telangana,Telangana,ACTIVE
SYN_VENDOR_043,Meridian Enterprises,VENDOR,Bihar,Bihar,ACTIVE
SYN_VENDOR_044,Sunrise Supplies Co,VENDOR,Karnataka,Karnataka,ACTIVE
SYN_VENDOR_045,National Trading Company,VENDOR,Puducherry,Puducherry,ACTIVE
SYN_VENDOR_046,Regional Suppliers Pvt Ltd,VENDOR,Uttar Pradesh,Uttar Pradesh,ACTIVE
SYN_VENDOR_047,Prime General Stores,VENDOR,Jharkhand,Jharkhand,ACTIVE
SYN_VENDOR_048,Apex Materials Supply Co,VENDOR,Jammu And Kashmir,Baramullah,ACTIVE
SYN_VENDOR_049,Metro Traders,VENDOR,Bihar,Aurangabad,ACTIVE
SYN_VENDOR_050,Central Enterprises,VENDOR,West Bengal,Tamluk,ACTIVE
SYN_VENDOR_051,Unity Supplies Co,VENDOR,Maharashtra,Hingoli,ACTIVE
SYN_VENDOR_052,Progressive Trading Company,VENDOR,Jammu And Kashmir,Baramullah,ACTIVE
SYN_VENDOR_053,Reliable Suppliers Pvt Ltd,VENDOR,Uttarakhand,Uttarakhand,ACTIVE
SYN_VENDOR_054,Standard General Stores,VENDOR,West Bengal,Tamluk,ACTIVE
SYN_VENDOR_055,Universal Materials Supply Co,VENDOR,Maharashtra,Hingoli,ACTIVE
SYN_VENDOR_056,Continental Traders,VENDOR,Uttar Pradesh,Uttar Pradesh,ACTIVE
SYN_VENDOR_057,Horizon Enterprises,VENDOR,Andhra Pradesh,Andhra Pradesh,ACTIVE
SYN_VENDOR_058,Milestone Supplies Co,VENDOR,Madhya Pradesh,Madhya Pradesh,ACTIVE
SYN_VENDOR_059,Cornerstone Trading Company,VENDOR,Bihar,Bihar,ACTIVE
SYN_VENDOR_060,Ganga Suppliers Pvt Ltd,VENDOR,Uttar Pradesh,Uttar Pradesh,ACTIVE
SYN_VENDOR_061,Yamuna General Stores,VENDOR,Uttar Pradesh,Uttar Pradesh,ACTIVE
SYN_VENDOR_062,Saraswati Materials Supply Co,VENDOR,Madhya Pradesh,Madhya Pradesh,ACTIVE
SYN_VENDOR_063,Meridian Traders,VENDOR,Maharashtra,Maharashtra,ACTIVE
SYN_VENDOR_064,Sunrise Enterprises,VENDOR,Uttar Pradesh,Uttar Pradesh,ACTIVE
SYN_VENDOR_065,National Supplies Co,VENDOR,Uttar Pradesh,Uttar Pradesh,ACTIVE
SYN_VENDOR_066,Regional Trading Company,VENDOR,Tamil Nadu,Tamil Nadu,ACTIVE
SYN_VENDOR_067,Prime Suppliers Pvt Ltd,VENDOR,Uttar Pradesh,Uttar Pradesh,ACTIVE
SYN_VENDOR_068,Apex General Stores,VENDOR,Uttar Pradesh,Uttar Pradesh,ACTIVE
SYN_VENDOR_069,Metro Materials Supply Co,VENDOR,Uttar Pradesh,Uttar Pradesh,ACTIVE
SYN_VENDOR_070,Central Traders,VENDOR,Bihar,Bihar,ACTIVE
SYN_VENDOR_071,Unity Enterprises,VENDOR,Karnataka,Karnataka,ACTIVE
SYN_VENDOR_072,Progressive Supplies Co,VENDOR,Bihar,Bihar,ACTIVE
SYN_VENDOR_073,Reliable Trading Company,VENDOR,West Bengal,West Bengal,ACTIVE
SYN_VENDOR_074,Standard Suppliers Pvt Ltd,VENDOR,Bihar,Bihar,ACTIVE
SYN_VENDOR_075,Universal General Stores,VENDOR,Bihar,Samastipur,ACTIVE
SYN_VENDOR_076,Continental Materials Supply Co,VENDOR,Uttar Pradesh,Chandauli,ACTIVE
SYN_VENDOR_077,Horizon Traders,VENDOR,Mizoram,Mizoram,ACTIVE
SYN_VENDOR_078,Milestone Enterprises,VENDOR,Maharashtra,Hingoli,ACTIVE
SYN_VENDOR_079,Cornerstone Supplies Co,VENDOR,Jammu And Kashmir,Baramullah,ACTIVE
SYN_VENDOR_080,Ganga Trading Company,VENDOR,Bihar,Aurangabad,ACTIVE
SYN_VENDOR_081,Yamuna Suppliers Pvt Ltd,VENDOR,West Bengal,Tamluk,ACTIVE
SYN_VENDOR_082,Saraswati General Stores,VENDOR,Maharashtra,Hingoli,ACTIVE
SYN_VENDOR_083,Meridian Materials Supply Co,VENDOR,Uttar Pradesh,Uttar Pradesh,ACTIVE
SYN_VENDOR_084,Sunrise Traders,VENDOR,Uttarakhand,Uttarakhand,ACTIVE
SYN_VENDOR_085,National Enterprises,VENDOR,Uttar Pradesh,Uttar Pradesh,ACTIVE
SYN_VENDOR_086,Regional Supplies Co,VENDOR,Jammu And Kashmir,Baramullah,ACTIVE
SYN_VENDOR_087,Prime Trading Company,VENDOR,Uttar Pradesh,Uttar Pradesh,ACTIVE
SYN_VENDOR_088,Apex Suppliers Pvt Ltd,VENDOR,Tamil Nadu,Tamil Nadu,ACTIVE
SYN_VENDOR_089,Metro General Stores,VENDOR,Tamil Nadu,Tamil Nadu,ACTIVE
SYN_VENDOR_090,Central Materials Supply Co,VENDOR,Maharashtra,Maharashtra,ACTIVE
SYN_VENDOR_091,Unity Traders,VENDOR,Uttar Pradesh,Uttar Pradesh,ACTIVE
SYN_VENDOR_092,Progressive Enterprises,VENDOR,Uttar Pradesh,Uttar Pradesh,ACTIVE
SYN_VENDOR_093,Reliable Supplies Co,VENDOR,Madhya Pradesh,Madhya Pradesh,ACTIVE
SYN_VENDOR_094,Standard Trading Company,VENDOR,Maharashtra,Maharashtra,ACTIVE
SYN_VENDOR_095,Universal Suppliers Pvt Ltd,VENDOR,Uttar Pradesh,Uttar Pradesh,ACTIVE
SYN_VENDOR_096,Continental General Stores,VENDOR,Tamil Nadu,Tamil Nadu,ACTIVE
SYN_VENDOR_097,Horizon Materials Supply Co,VENDOR,Andhra Pradesh,Andhra Pradesh,ACTIVE
SYN_VENDOR_098,Milestone Traders,VENDOR,Uttar Pradesh,Uttar Pradesh,ACTIVE
SYN_VENDOR_099,Cornerstone Enterprises,VENDOR,Karnataka,Karnataka,ACTIVE
SYN_VENDOR_100,Ganga Supplies Co,VENDOR,Uttar Pradesh,Uttar Pradesh,ACTIVE
SYN_VENDOR_101,Yamuna Trading Company,VENDOR,Bihar,Bihar,ACTIVE
SYN_VENDOR_102,Saraswati Suppliers Pvt Ltd,VENDOR,Karnataka,Karnataka,ACTIVE
SYN_VENDOR_103,Meridian General Stores,VENDOR,Bihar,Bihar,ACTIVE
SYN_VENDOR_104,Sunrise Materials Supply Co,VENDOR,West Bengal,West Bengal,ACTIVE
SYN_VENDOR_105,National Traders,VENDOR,Bihar,Bihar,ACTIVE
SYN_VENDOR_106,Regional Enterprises,VENDOR,Punjab,Fatehgarh Sahib,ACTIVE
SYN_VENDOR_107,Prime Supplies Co,VENDOR,Maharashtra,Maharashtra,ACTIVE
SYN_VENDOR_108,Apex Trading Company,VENDOR,Karnataka,Karnataka,ACTIVE
SYN_VENDOR_109,Metro Suppliers Pvt Ltd,VENDOR,Maharashtra,Hingoli,ACTIVE
SYN_VENDOR_110,Central General Stores,VENDOR,Jammu And Kashmir,Baramullah,ACTIVE
SYN_VENDOR_111,Unity Materials Supply Co,VENDOR,Bihar,Aurangabad,ACTIVE
SYN_VENDOR_112,Progressive Traders,VENDOR,West Bengal,Tamluk,ACTIVE
SYN_VENDOR_113,Reliable Enterprises,VENDOR,Maharashtra,Hingoli,ACTIVE
SYN_VENDOR_114,Standard Supplies Co,VENDOR,Uttar Pradesh,Uttar Pradesh,ACTIVE
SYN_VENDOR_115,Universal Trading Company,VENDOR,Uttarakhand,Uttarakhand,ACTIVE
SYN_VENDOR_116,Continental Suppliers Pvt Ltd,VENDOR,West Bengal,Murshidabad,ACTIVE
SYN_VENDOR_117,Horizon General Stores,VENDOR,Bihar,Bihar,ACTIVE
SYN_VENDOR_118,Milestone Materials Supply Co,VENDOR,Uttar Pradesh,Uttar Pradesh,ACTIVE
SYN_VENDOR_119,Cornerstone Traders,VENDOR,Andhra Pradesh,Andhra Pradesh,ACTIVE
SYN_VENDOR_120,Ganga Enterprises,VENDOR,Madhya Pradesh,Madhya Pradesh,ACTIVE
SYN_ZP_001,Rajasthan Zilla Parishad,ZILLA_PARISHAD,Rajasthan,Rajasthan,INACTIVE
SYN_ZP_002,Madhya Pradesh Zilla Parishad,ZILLA_PARISHAD,Madhya Pradesh,Madhya Pradesh,INACTIVE
SYN_ZP_003,Gujarat Zilla Parishad,ZILLA_PARISHAD,Gujarat,Gujarat,INACTIVE
SYN_ZP_004,Odisha Zilla Parishad,ZILLA_PARISHAD,Odisha,Odisha,INACTIVE
SYN_ZP_005,Assam Zilla Parishad,ZILLA_PARISHAD,Assam,Assam,INACTIVE
SYN_ZP_006,Punjab Zilla Parishad,ZILLA_PARISHAD,Punjab,Punjab,INACTIVE
SYN_ZP_007,Telangana Zilla Parishad,ZILLA_PARISHAD,Telangana,Telangana,INACTIVE
SYN_ZP_008,Chhattisgarh Zilla Parishad,ZILLA_PARISHAD,Chhattisgarh,Chhattisgarh,INACTIVE
SYN_ZP_009,Jammu And Kashmir Zilla Parishad,ZILLA_PARISHAD,Jammu And Kashmir,Jammu And Kashmir,INACTIVE
SYN_ZP_010,Haryana Zilla Parishad,ZILLA_PARISHAD,Haryana,Haryana,INACTIVE
SYN_ZP_011,Delhi Zilla Parishad,ZILLA_PARISHAD,Delhi,Delhi,INACTIVE
SYN_ZP_012,Jharkhand Zilla Parishad,ZILLA_PARISHAD,Jharkhand,Jharkhand,INACTIVE
SYN_ZP_013,Himachal Pradesh Zilla Parishad,ZILLA_PARISHAD,Himachal Pradesh,Himachal Pradesh,INACTIVE
SYN_ZP_014,Uttarakhand Zilla Parishad,ZILLA_PARISHAD,Uttarakhand,Uttarakhand,INACTIVE
SYN_ZP_015,Mizoram Zilla Parishad,ZILLA_PARISHAD,Mizoram,Mizoram,INACTIVE
SYN_ZP_016,Chandigarh Zilla Parishad,ZILLA_PARISHAD,Chandigarh,Chandigarh,INACTIVE
SYN_ZP_017,Nagaland Zilla Parishad,ZILLA_PARISHAD,Nagaland,Nagaland,INACTIVE
SYN_ZP_018,Nanded Zilla Parishad,ZILLA_PARISHAD,Maharashtra,Nanded,INACTIVE
SYN_ZP_019,Sikkim Zilla Parishad,ZILLA_PARISHAD,Sikkim,Sikkim,INACTIVE
SYN_ZP_020,Puducherry Zilla Parishad,ZILLA_PARISHAD,Puducherry,Puducherry,INACTIVE
SYN_ZP_021,Baramullah Zilla Parishad,ZILLA_PARISHAD,Jammu And Kashmir,Baramullah,INACTIVE
SYN_ZP_022,Murshidabad Zilla Parishad,ZILLA_PARISHAD,West Bengal,Murshidabad,INACTIVE
SYN_ZP_023,Kanthi Zilla Parishad,ZILLA_PARISHAD,West Bengal,Kanthi,INACTIVE
SYN_ZP_024,Attingal Zilla Parishad,ZILLA_PARISHAD,Kerala,Attingal,INACTIVE
SYN_ZP_025,Nandurbar Zilla Parishad,ZILLA_PARISHAD,Maharashtra,Nandurbar,INACTIVE
SYN_ZP_026,Hamirpur Zilla Parishad,ZILLA_PARISHAD,Uttar Pradesh,Hamirpur,INACTIVE
SYN_ZP_027,Kannauj Zilla Parishad,ZILLA_PARISHAD,Uttar Pradesh,Kannauj,INACTIVE
SYN_ZP_028,Firozabad Zilla Parishad,ZILLA_PARISHAD,Uttar Pradesh,Firozabad,INACTIVE
SYN_ZP_029,Bhopal Zilla Parishad,ZILLA_PARISHAD,Madhya Pradesh,Bhopal,INACTIVE
SYN_ZP_030,Wardha Zilla Parishad,ZILLA_PARISHAD,Maharashtra,Wardha,INACTIVE
SYN_ZP_031,Anantapur Zilla Parishad,ZILLA_PARISHAD,Andhra Pradesh,Anantapur,INACTIVE
SYN_ZP_032,Shirur Zilla Parishad,ZILLA_PARISHAD,Maharashtra,Shirur,INACTIVE
SYN_ZP_033,Bahraich Zilla Parishad,ZILLA_PARISHAD,Uttar Pradesh,Bahraich,INACTIVE
SYN_ZP_034,Keonjhar Zilla Parishad,ZILLA_PARISHAD,Odisha,Keonjhar,INACTIVE
SYN_ZP_035,Nilgiris Zilla Parishad,ZILLA_PARISHAD,Tamil Nadu,Nilgiris,INACTIVE
SYN_ZP_036,Inner Manipur Zilla Parishad,ZILLA_PARISHAD,Manipur,Inner Manipur,INACTIVE
SYN_ZP_037,Aska Zilla Parishad,ZILLA_PARISHAD,Odisha,Aska,INACTIVE
SYN_ZP_038,Pathanamthitta Zilla Parishad,ZILLA_PARISHAD,Kerala,Pathanamthitta,INACTIVE
SYN_ZP_039,Vizianagaram Zilla Parishad,ZILLA_PARISHAD,Andhra Pradesh,Vizianagaram,INACTIVE
SYN_ZP_040,Nizamabad Zilla Parishad,ZILLA_PARISHAD,Telangana,Nizamabad,INACTIVE
SYN_ZP_041,Mumbai South Zilla Parishad,ZILLA_PARISHAD,Maharashtra,Mumbai South,INACTIVE
SYN_ZP_042,Hyderabad Zilla Parishad,ZILLA_PARISHAD,Telangana,Hyderabad,INACTIVE
SYN_ZP_043,Jabalpur Zilla Parishad,ZILLA_PARISHAD,Madhya Pradesh,Jabalpur,INACTIVE
SYN_ZP_044,Misrikh Zilla Parishad,ZILLA_PARISHAD,Uttar Pradesh,Misrikh,INACTIVE
SYN_ZP_045,Faizabad Zilla Parishad,ZILLA_PARISHAD,Uttar Pradesh,Faizabad,INACTIVE
SYN_ZP_046,Arambag Zilla Parishad,ZILLA_PARISHAD,West Bengal,Arambag,INACTIVE
SYN_ZP_047,Amravati Zilla Parishad,ZILLA_PARISHAD,Maharashtra,Amravati,INACTIVE
SYN_ZP_048,Bhiwandi Zilla Parishad,ZILLA_PARISHAD,Maharashtra,Bhiwandi,INACTIVE
SYN_ZP_049,Patan Zilla Parishad,ZILLA_PARISHAD,Gujarat,Patan,INACTIVE
SYN_ZP_050,Shirdi Zilla Parishad,ZILLA_PARISHAD,Maharashtra,Shirdi,INACTIVE
SYN_ZP_051,Bulandshahr Zilla Parishad,ZILLA_PARISHAD,Uttar Pradesh,Bulandshahr,INACTIVE
SYN_ZP_052,Jagatsinghpur Zilla Parishad,ZILLA_PARISHAD,Odisha,Jagatsinghpur,INACTIVE
SYN_ZP_053,Jamshedpur Zilla Parishad,ZILLA_PARISHAD,Jharkhand,Jamshedpur,INACTIVE
SYN_ZP_054,Guwahati Zilla Parishad,ZILLA_PARISHAD,Assam,Guwahati,INACTIVE
SYN_ZP_055,Jhunjhunu Zilla Parishad,ZILLA_PARISHAD,Rajasthan,Jhunjhunu,INACTIVE
